﻿NaN,NaN,NaN,NaN,11.37456125,10.50717908,10.56613561,12.8867645,NaN,NaN,NaN,NaN,NaN,NaN,NaN,NaN,NaN
NaN,NaN,NaN,NaN,7.458,8.262244898,8.77877551,8.37875,NaN,NaN,NaN,NaN,NaN,NaN,NaN,NaN,NaN
NaN,NaN,NaN,6.41,6.7025,9.918991098,8.89,NaN,NaN,NaN,NaN,NaN,NaN,NaN,NaN,NaN,NaN
NaN,NaN,NaN,6.703636364,7.8012,7.47,7.412285714,7.814285714,NaN,NaN,NaN,NaN,NaN,NaN,NaN,NaN,NaN
NaN,NaN,NaN,9.762115385,9.999666667,7.838235294,7.861578947,7.715714286,7.598333333,7.45,NaN,NaN,NaN,NaN,NaN,NaN,NaN
NaN,NaN,11.67866667,11.30631818,11.76060606,7.159090909,7.845714286,7.791538462,7.5975,7.55,6.61,NaN,NaN,8.195454545,8.733333333,7.757142857,NaN
NaN,11.834,11.09542803,11.09563093,11.62894433,11.8925,NaN,7.891818182,7.723846154,7.133333333,6.85,NaN,NaN,9.2,9.25,7.9,NaN
NaN,11.572,11.22764065,10.87851852,NaN,NaN,NaN,NaN,NaN,5.8,NaN,NaN,NaN,NaN,9.1,15.25,NaN
NaN,11.44363636,11.57098039,11.47666667,NaN,NaN,NaN,NaN,NaN,NaN,NaN,NaN,NaN,9.15,8.75,15.5,NaN
NaN,NaN,NaN,NaN,NaN,NaN,NaN,NaN,NaN,NaN,NaN,NaN,NaN,NaN,NaN,16.25,NaN
NaN,NaN,NaN,NaN,NaN,NaN,NaN,NaN,NaN,NaN,3,NaN,NaN,NaN,16,NaN,NaN
NaN,NaN,NaN,NaN,NaN,NaN,NaN,NaN,NaN,NaN,NaN,NaN,NaN,NaN,NaN,NaN,NaN
NaN,NaN,NaN,NaN,NaN,NaN,NaN,NaN,NaN,NaN,NaN,NaN,NaN,NaN,NaN,NaN,NaN
NaN,NaN,NaN,NaN,NaN,NaN,NaN,NaN,NaN,NaN,NaN,NaN,NaN,NaN,NaN,NaN,NaN
NaN,NaN,NaN,NaN,NaN,NaN,NaN,NaN,NaN,NaN,NaN,NaN,NaN,NaN,NaN,NaN,NaN
NaN,NaN,NaN,NaN,NaN,NaN,NaN,NaN,NaN,NaN,NaN,NaN,NaN,NaN,NaN,NaN,NaN
NaN,NaN,NaN,NaN,NaN,NaN,NaN,NaN,NaN,NaN,NaN,NaN,NaN,NaN,NaN,NaN,NaN
NaN,NaN,NaN,NaN,NaN,NaN,NaN,NaN,NaN,NaN,NaN,NaN,NaN,NaN,NaN,NaN,NaN
NaN,NaN,NaN,NaN,NaN,NaN,NaN,NaN,NaN,NaN,NaN,NaN,NaN,NaN,NaN,NaN,NaN
NaN,NaN,NaN,NaN,NaN,NaN,NaN,NaN,NaN,NaN,NaN,NaN,NaN,NaN,NaN,NaN,NaN
NaN,NaN,NaN,NaN,NaN,NaN,NaN,NaN,NaN,NaN,NaN,NaN,NaN,NaN,NaN,NaN,NaN
NaN,NaN,NaN,NaN,NaN,NaN,NaN,NaN,NaN,NaN,NaN,NaN,NaN,NaN,NaN,NaN,NaN
NaN,NaN,NaN,NaN,NaN,NaN,NaN,NaN,NaN,NaN,NaN,NaN,NaN,NaN,NaN,NaN,NaN
