51.84,3.5,16
51.8498,1.8798,15.6
51.9098,2.2998,13
51.9398,2.5498,12.4
51.95,4.05,12.7
51.97,3.82,8.224444444
51.97,4.05,9.64
51.97,4.08,8.432857143
51.98,3.85,8.95
51.98,4.07,6.18
51.98,4.08,8.55
51.99,2.8698,8.53
51.99,3.46,13
52,3.87,19.4
52,3.9,10.69
52,3.95,6.17
52.02,2.7598,10.74
52.02,3.49,7
52.02,3.7698,4.9
52.02,3.98,5.6
52.0298,1.8798,6.25
52.0298,2.0898,5.3
52.0298,3.5,5.8
52.04,1.71,16.8
52.04,1.7598,11.5
52.04,1.7698,16.3
52.04,1.7798,9.5
52.04,1.7898,7.1
52.04,1.83,13
52.04,1.85,9.866666667
52.04,3.0198,6.3
52.04,3.0398,13
52.0498,1.2598,13
52.0498,1.5498,18.5
52.0498,1.69,18.5
52.0498,1.8898,4.6
52.0498,1.9,15.6
52.0498,1.9098,10.6
52.0498,1.9198,13.55
52.0498,1.95,8.6
52.0498,1.96,17.3
52.0498,2.0498,10.6
52.0498,3.5098,9
52.05,3.85,14.7
52.06,1.98,6.97
52.06,2.0098,13
52.06,2.0698,5.2
52.06,2.0798,15.2
52.06,2.0898,12
52.06,2.0998,9
52.06,2.16,18.6
52.06,2.2,17.7
52.06,2.24,5.7
52.06,2.2698,12.7
52.06,2.44,9.2
52.06,2.49,7.3
52.06,2.5298,15.7
52.0698,2.16,7.4
52.0698,2.19,18.2
52.0698,2.22,18.2
52.0698,2.24,17.1
52.0698,2.2898,8.7
52.0698,2.3298,17.3
52.0698,2.3498,10.2
52.0698,2.3598,9.2
52.0698,2.4,14.5
52.0698,2.46,16.2
52.0698,2.5298,7.8
52.0698,2.5998,15.7
52.0698,2.67,15.7
52.0698,2.69,5.9
52.0698,2.72,5.9
52.0698,2.73,7.1
52.0698,2.7698,11.4
52.0698,3.5098,15.5
52.07,3.88,16.2
52.07,3.97,9.59
52.08,2.3498,9.19
52.08,2.41,17.6
52.08,2.42,17.5
52.08,2.44,18.1
52.08,2.45,10.2
52.08,2.5098,17.65
52.08,2.5398,8.9
52.08,2.67,16.2
52.08,2.89,18.2
52.08,2.93,5.5
52.08,3.0498,5.4
52.08,3.0698,6.8
52.08,3.0898,6.8
52.08,3.49,18
52.08,3.5698,19.2
52.08,3.69,6.5
52.08,3.88,10.2
52.09,2.5998,9.58
52.09,2.65,17.1
52.09,2.67,10.2
52.09,2.7,17
52.09,2.72,8.3
52.09,2.7698,13.2
52.09,2.7798,13.2
52.09,2.8298,9.3
52.09,2.97,18.3
52.09,3.0898,12.9
52.09,3.0998,18.3
52.09,3.18,10.8
52.09,3.2,13
52.09,3.21,10.8
52.09,3.5498,6
52.0998,2.73,14.8
52.0998,2.75,17.5
52.0998,2.8298,17.6
52.0998,2.8698,17.1
52.0998,2.9,17.1
52.0998,2.96,8.4
52.0998,3,13.8
52.0998,3.1198,9.9
52.0998,3.13,9.9
52.0998,3.2,12.9
52.0998,3.2998,18.4
52.0998,3.3098,6
52.0998,3.3298,10.8
52.0998,3.3498,5.3
52.11,2.4,18
52.11,2.46,8.3
52.11,2.91,8.4
52.11,2.92,17.9
52.11,3,17.1
52.11,3.0298,17.1
52.11,3.0498,7.7
52.11,3.1198,14.85
52.11,3.3298,17.4
52.11,3.38,11.95
52.1198,2.8298,10.6
52.1198,2.92,8.2
52.1198,2.96,8
52.1198,3.0398,8
52.1198,3.17,18.2
52.1198,3.22,17.4
52.1198,3.23,13.5
52.1198,3.2598,10.4
52.1198,3.2898,7.3
52.1198,3.45,11.03333333
52.1198,3.47,5.8
52.1198,3.49,18.7
52.1198,3.5,18.7
52.1198,3.5198,5.2
52.1198,3.5498,16.2
52.1198,3.5698,10.1
52.13,3.2898,6.7
52.13,3.3598,18.6
52.13,3.3698,10
52.13,3.43,10.5
52.13,3.44,13.3
52.13,3.46,17.5
52.13,3.5098,7.3
52.13,3.5398,18.7
52.13,3.5598,16.2
52.13,3.5798,17.6
52.13,3.6198,16.2
52.13,3.94,16.3
52.1398,3.3298,12.3
52.1398,3.49,18.7
52.1398,3.5598,18.7
52.1398,3.5698,6.5
52.1398,3.5898,11.8
52.1398,3.6098,6.7
52.1398,3.6198,10.2
52.1398,3.65,16.9
52.1398,3.66,6.5
52.1398,3.68,10.2
52.1398,3.7,6.5
52.1398,3.72,18.9
52.1398,3.73,4.9
52.1398,3.93,18
52.1398,3.96,13.8
52.1398,3.98,13.7
52.1398,4.01,9.45
52.1398,4.0398,5.9
52.1398,4.07,13.45
52.1398,4.1198,20.6
52.15,3.5298,17.1
52.15,3.5398,18.7
52.15,3.5798,10.1
52.15,3.69,17.5
52.15,3.72,16.9
52.15,3.74,11.55
52.15,3.7698,5.5
52.15,3.7798,8.1
52.15,3.8098,18.8
52.15,3.8198,6.2
52.15,3.8298,16.8
52.15,3.8498,11.6
52.15,3.8698,5.5
52.15,3.92,8.6
52.15,3.97,6.1
52.15,3.98,16.9
52.15,3.99,11.4
52.15,4.0398,11
52.15,4.0598,10.8
52.1598,3.47,10.8
52.1598,3.5598,17.5
52.1598,3.7998,18.9
52.1598,3.8198,19.4
52.1598,3.8698,19.4
52.1698,3.5998,13.7
52.18,3.8698,14.8
52.18,4.13,10.2
52.1898,3.6098,10.8
52.1898,3.6198,12.6
52.1898,3.64,6.8
52.1898,4.0998,18
52.2,3.5698,10.6
52.2,3.5798,18.8
52.2,3.6198,10.2
52.2,3.68,16
52.2,4.09,10.2
52.22,3.64,10.5
52.22,3.92,15.4
52.22,4,9.55
52.2298,3.68,7.456666667
52.2298,3.69,4.3
52.23,4,4.9
52.23,4.02,7.49
52.25,3.68,6.46
52.2598,3.5,6.7
52.27,3.72,16.8
52.27,4.02,4.2
52.2798,3.5198,6.44
52.2798,3.69,17.5
52.2798,3.7,14.6
52.29,3.7,16.1
52.2998,3.5198,15.4
52.2998,3.5998,17.5
52.2998,3.71,18.7
52.2998,3.73,14.6
52.3,4.03,17.8
52.31,3.6098,6.46
52.3198,3.72,18.7
52.3198,3.7798,12.4
52.32,3.93,7.6
52.33,3.5,9.54
52.33,3.8598,16.8
52.33,4.03,9.9
52.34,3.74,8.16
52.34,3.7698,15.2
52.34,3.7998,17.8
52.36,3.7898,7.6
52.36,3.8698,4.2
52.37,3.93,9.9
52.38,3.5698,9.52
52.38,3.7898,17.5
52.38,3.8098,6.5
52.4,3.7998,6.5
52.4,3.8198,14.5
52.4,3.93,6.7
52.4098,3.8098,9.5
52.4098,3.8198,6.5
52.4198,3.8398,17.8
52.4198,3.8498,6.7
52.43,3.64,6.7
52.4398,3.8298,17.5
52.45,3.65,15.1
52.45,3.67,18.2
52.4598,3.7598,17.5
52.4598,3.88,18.6
52.47,3.9,4.6
52.47,3.93,7.6
52.4798,3.96,7.55
52.5298,3.9,9.8
52.5298,3.94,16
52.5298,3.95,4.4
52.54,3.96,6.7
52.5498,3.8098,7.6
52.5498,3.8698,18.3
52.55,4.12,18.6
52.56,3.93,6.43
52.56,3.94,6.4
52.5698,3.8398,14.7
52.58,3.95,18.3
52.5998,3.5098,12.725
52.5998,3.97,17.5
52.6198,3.92,15.2
52.63,3.99,17.4
52.65,3.5098,15.3
52.65,3.95,17.5
52.65,4.0198,6.53
52.65,4.0398,14.7
52.6698,3.99,4.4
52.67,3.95,17.4
52.7,4.0398,9.42
52.7098,4.11,10
52.7098,4.1198,9.5
52.72,4.0798,5
52.72,4.17,18.6
52.7298,4.09,6.44
52.74,4.1398,18.9
52.75,3.93,6.2
52.7598,4.1598,7.56
52.77,4.09,6.1
52.77,4.1198,10
52.7798,4.13,14
52.7798,4.15,14.7
52.7798,4.1798,17.3
52.7998,4.17,5.55
52.8198,4.1598,12.3
52.8198,4.17,6.9
52.8198,4.1798,14.7
52.83,4.22,16.9
52.83,4.23,7.76
52.84,4.15,7.75
52.84,4.17,9.8
52.84,4.1998,16
52.8498,4.1998,16.9
52.8498,4.2398,4.4
52.86,4.17,18.5
52.86,4.19,9.8
52.8698,4.26,6.5
52.88,4.2198,6.1
52.9,4.2398,17.7
52.9198,4.23,11.05
52.93,4.2398,9.8
52.9598,3.5098,15.6
53,3.66,16.4
53,3.7898,18.6
53,3.95,18.8
53.05,4.17,19.1
53.2598,3.67,6.14
53.33,3.9,17.5
53.5498,0.3798,16.9
53.56,0.41,7.45
53.56,0.4198,16.1
53.56,0.43,4.8
53.56,0.4398,10.2
53.56,0.4798,13.25
53.56,0.5,10.25
53.56,0.5098,10.13333333
53.56,0.5198,14.4
53.5698,0.49,14.3
53.5698,0.5098,13.25
53.5698,0.54,16.8
53.5698,0.5598,5.6
53.5698,0.5798,10.65
53.5698,0.5898,10.5
53.58,0.5898,8.9
53.58,0.6,10.6
53.58,0.6298,9.2
53.58,0.65,16.4
53.58,0.67,8.766666667
53.58,0.69,11.8
53.58,0.7,9.2
53.58,0.73,9.2
53.58,0.74,15.9
53.58,0.75,14.1
53.59,0.33,4.7
53.59,0.7698,15.1
53.59,0.7798,13.2
53.59,0.8098,4.7
53.59,0.82,9
53.59,0.8798,10.9
53.5998,0.7,5
53.5998,0.7698,12
53.5998,0.8098,10.8
53.5998,0.8298,16.1
53.5998,0.86,6.7
53.5998,0.9298,9.5
53.5998,0.97,10.25
53.61,0.8098,13.2
53.61,0.82,6.5
53.61,0.87,14.3
53.61,0.8798,13
53.61,0.8898,6.7
53.61,0.99,6.1
53.61,1.0198,9.1
53.61,1.0498,15.2
53.61,1.07,13.2
53.61,1.1,6.6
53.6198,0.87,11.4
53.6198,0.8898,11.7
53.6198,0.9598,8.6
53.6198,0.98,5.1
53.6198,1.1598,14.7
53.6198,1.1798,8.7
53.6198,1.19,10.7
53.6198,1.2,14.3
53.63,0.97,8.7
53.63,0.98,12
53.63,1,7.6
53.63,1.0298,6.8
53.63,1.0598,7.35
53.63,1.23,8.8
53.63,1.25,10.7
53.63,1.5198,11.3
53.6398,0.4,6
53.6398,1.0198,14.3
53.6398,1.07,5.9
53.6398,1.08,5.3
53.6398,1.09,10.6
53.6398,1.2698,7.1
53.6398,1.32,11.36666667
53.65,0.36,14.4
53.65,0.3798,5.6
53.65,0.4,4.7
53.65,0.45,13
53.65,1.0498,9.5
53.65,1.08,11.8
53.65,1.11,11.9
53.65,1.1498,7.6
53.65,1.1798,10.6
53.65,1.2,9.8
53.65,1.34,9.8
53.65,1.3998,10.8
53.65,1.6298,6
53.6598,0.41,6
53.6598,1.19,11.5
53.6598,1.22,12.1
53.6598,1.24,7.6
53.6698,0.4198,9.8
53.6698,0.4398,14.9
53.6698,0.47,9.1
53.6698,0.5,14.15
53.6698,1.2698,10.25
53.6698,1.2898,9.6
53.6698,1.2998,14.1
53.6698,1.32,14.5
53.6698,1.47,12.35
53.68,0.3398,15.9
53.68,0.43,7.3
53.68,0.46,13.8
53.68,0.9,13.7
53.68,1.32,8.7
53.68,1.37,6.875
53.68,1.4298,15.7
53.68,1.5398,13.7
53.68,1.57,13.4
53.6898,0.33,9.4
53.6898,0.47,13.3
53.6898,0.4798,10.7
53.6898,0.5098,5.5
53.6898,1.4098,9.7
53.6898,1.4198,15.7
53.6898,1.45,14.3
53.6898,1.46,7.6
53.6898,1.47,5.4
53.6898,1.49,13.45
53.6898,1.58,13.6
53.6898,1.61,13.8
53.6898,1.62,14.4
53.7,0.3398,9.4
53.7,0.5,11.1
53.7,0.5098,8.4
53.7,0.6298,6.8
53.7,1.4298,14.1
53.7,1.46,5.9
53.7,1.49,6.6
53.7,1.62,14.53333333
53.7,1.6298,11.2
53.7,1.6598,15.9
53.7,1.69,15.8
53.7098,0.54,6.6
53.7098,0.65,6.8
53.7098,1.5298,14.2
53.7098,1.5498,12.1
53.7098,1.57,6.1
53.7098,1.58,13.5
53.7098,1.6,9.8
53.7098,1.62,13.8
53.7098,1.7,13.8
53.72,0.45,16.1
53.72,0.5898,6.4
53.72,0.62,14.6
53.72,1,12.4
53.72,1.6398,8.6
53.72,1.6598,9.15
53.72,1.7,7.6
53.72,1.7598,13.7
53.72,1.7698,5.2
53.72,1.7898,10.15
53.72,2.0398,14.5
53.7298,0.31,6.2
53.7298,0.5798,15
53.7298,0.5898,6.8
53.7298,0.61,14.2
53.7298,1.0198,9.1
53.7298,1.6398,8.6
53.7298,1.69,9.15
53.7298,1.72,10.35
53.7298,1.8098,9.8
53.7298,1.83,16.4
53.7298,1.85,11.7
53.74,0.3,9.5
53.74,0.62,5.4
53.74,0.6398,12.7
53.74,1.72,6.7
53.74,1.7998,6.4
53.74,1.8098,14.7
53.74,1.84,9.9
53.74,1.8798,13.6
53.74,1.8898,11.4
53.74,1.98,9
53.75,0.2898,6
53.75,0.65,12.85
53.75,1.8098,6.9
53.75,1.83,7.6
53.75,1.84,9.9
53.75,1.94,10.2
53.75,1.97,11.6
53.7598,0.6398,14.5
53.7598,1.9,12.5
53.7598,1.9098,6.2
53.7598,1.9198,14.9
53.7598,1.9298,15.05
53.7598,2,13.9
53.7598,2.0098,15.8
53.7598,2.0198,7.9
53.7598,2.0398,9.8
53.7598,2.2698,5.1
53.77,0.7,6.2
53.77,1.9298,5.6
53.77,1.97,6.5
53.77,1.99,6.5
53.77,2,11.96666667
53.77,2.0198,15
53.77,2.0398,14.4
53.77,2.0698,9.8
53.77,2.0798,5.1
53.77,2.0998,15.9
53.7798,2.0198,14.7
53.7798,2.0298,12.1
53.7798,2.0698,9
53.7798,2.0898,7.4
53.7798,2.1198,14.1
53.7798,2.16,16.8
53.7798,2.17,8.8
53.79,0.2798,10.7
53.79,0.7598,7.3
53.79,0.8,9
53.79,0.85,9.8
53.79,1.1498,15.5
53.79,2.13,8.6
53.79,2.14,14.95
53.79,2.16,14
53.79,2.2,14
53.79,2.21,14.9
53.7998,0.37,11.65
53.7998,0.74,11.3
53.7998,0.8,12.6
53.7998,0.8098,14.3
53.7998,0.82,7
53.7998,2.15,9.9
53.7998,2.2,6.5
53.7998,2.21,9.8
53.7998,2.25,14.2
53.81,2.24,16.8
53.81,2.2798,6.2
53.81,2.2998,14.2
53.81,2.3098,14.1
53.81,2.3198,14.2
53.81,2.4,11.9
53.81,2.5598,6.7
53.8198,0.2098,6.2
53.8198,0.86,5.8
53.8198,1.0398,15
53.8198,2.41,14.4
53.83,0.25,14.6
53.83,0.8798,13.8
53.83,0.8898,5.4
53.83,1.25,12.5
53.83,2.39,8.6
53.83,2.43,14.7
53.83,2.44,10.15
53.84,0.8798,16.4
53.84,0.9298,9.2
53.84,1.12,6.4
53.84,2.4,14.4
53.84,2.45,6.5
53.84,2.46,6.8
53.84,2.49,16.4
53.84,2.5,10.95
53.84,2.5098,5.4
53.84,2.5298,13.65
53.8498,0.1898,8.4
53.8498,0.2198,5.8
53.8498,0.2398,5.8
53.8498,0.25,12.9
53.8498,1.1598,7
53.8498,2.47,14.5
53.8498,2.5198,6.1
53.8498,2.5898,12.8
53.8498,2.5998,5.1
53.8498,2.7698,12.4
53.86,0.18,6.1
53.86,0.1898,14.5
53.86,0.23,8.8
53.86,0.98,15
53.86,0.99,15
53.86,1.21,9.9
53.86,1.22,10
53.86,1.32,14.5
53.86,2.5998,8.5
53.86,2.6098,8.35
53.86,2.6198,14.3
53.86,2.64,15.2
53.86,2.8298,12.35
53.8698,1.0098,6
53.8698,1.23,5.4
53.8698,2.68,14.7
53.8698,2.69,16.7
53.8698,2.71,14.6
53.8698,2.72,9.5
53.88,0.1698,16.6
53.88,1.0298,14.5
53.88,1.0398,5.4
53.88,1.2998,6.6
53.88,2.71,14.7
53.88,2.74,9.8
53.88,2.75,12.65
53.88,2.7598,8.7
53.88,2.7698,14.3
53.88,2.7798,7.5
53.88,2.8198,5.4
53.8898,0.1698,6.8
53.8898,1.0598,9.2
53.8898,1.1,11.7
53.8898,1.2698,6.7
53.8898,2.7898,15.2
53.8898,2.7998,16.1
53.8898,2.8098,5.4
53.8898,2.8198,16.9
53.8898,2.8298,15.6
53.8898,2.8498,10.5
53.8898,2.8598,12.2
53.8898,3.0298,10.65
53.9,0.2,6
53.9,0.41,12.1
53.9,1.09,11.5
53.9,1.3798,8.3
53.9,2.88,14.7
53.9,2.89,7
53.9098,0.2098,9.1
53.9098,1.11,15.1
53.9098,2.8698,6.5
53.9098,2.89,6
53.9098,2.92,7
53.9098,2.94,8.3
53.9098,3.0098,12.95
53.9098,3.15,6.6
53.9198,0.15,5.8
53.9198,0.1898,8.6
53.9198,0.2098,5.9
53.9198,1.1698,7.5
53.9198,1.4098,6.4
53.9198,2.98,15.2
53.9198,3.0198,5.2
53.9198,3.0298,15.9
53.9198,3.0498,14.35
53.93,0.1298,6.2
53.93,1.09,5.5
53.93,1.1798,9.2
53.93,3.0498,15.4
53.93,3.0598,12.7
53.93,3.0798,16.6
53.93,3.0898,8.2
53.93,3.0998,16.8
53.93,3.1098,16.3
53.9398,1.2,16.8
53.9398,3.0898,14.1
53.9398,3.13,14.1
53.9398,3.15,15.6
53.9398,3.17,7.6
53.9398,3.19,12.25
53.95,0.1898,16.8
53.95,1.1,10.2
53.95,1.24,13.3
53.95,1.25,5.6
53.95,3.16,11.9
53.95,3.17,5.6
53.95,3.21,7.1
53.95,3.24,15.6
53.95,3.25,16.8
53.95,3.2598,14.7
53.95,3.2798,10.3
53.95,3.3198,7.6
53.9598,0.1698,14
53.9598,1.2598,5.9
53.9598,1.2698,11.2
53.9598,1.2798,11.9
53.9598,1.6,14.2
53.9598,3.22,14.7
53.9598,3.23,5
53.9598,3.24,12.5
53.9598,3.2798,6.2
53.9598,3.2898,9.9
53.9598,3.2998,6.1
53.9598,3.3098,5.7
53.9598,3.3398,7.1
53.9598,3.3498,5.7
53.9598,3.3698,7.6
53.9598,3.41,14.2
53.97,1.2798,11
53.97,1.2898,7.3
53.97,1.2998,6.8
53.97,1.6598,14.3
53.97,3.3198,14.8
53.97,3.3398,9.4
53.97,3.3598,9.7
53.97,3.47,12.4
53.97,3.48,13.8
53.97,3.5,6.1
53.97,3.5598,10.8
53.97,3.5698,10.3
53.9798,0.1598,14.6
53.9798,0.1698,5.9
53.9798,1.32,10.2
53.9798,1.33,14.2
53.9798,1.34,10.1
53.9798,1.6798,5.7
53.9798,3.45,14.8
53.9798,3.47,16.7
53.9798,3.5498,9.9
53.9798,3.5798,16.1
53.9798,3.64,16.6
53.9798,3.67,11.66666667
53.9798,3.69,13.9
53.9798,3.7,12.4
53.9798,3.71,17.6
53.9798,3.72,14.3
53.9798,3.74,10.55
53.9798,3.8498,14.6
53.99,0.33,6
53.99,1.2,6.7
53.99,1.36,13.5
53.99,1.3798,13.5
53.99,1.74,13.9
53.99,3.5998,14.8
53.99,3.6198,17.6
53.99,3.65,9.9
53.99,3.68,16.45
53.99,3.75,5
53.99,3.7598,7.7
53.99,3.8098,5.2
54,0.1198,14.6
54,0.9598,6.7
54,1.37,6.3
54,1.3898,6.5
54,1.44,7.05
54,3.75,7
54,3.8098,16.9
54,3.8498,10.2
54,3.88,6.6
54,3.9,10.3
54,3.92,11.95
54,3.93,8.7
54,3.94,18.3
54,3.96,13.2
54,4.0198,13.4
54,4.09,14.3
54.0098,0.15,6.4
54.0098,0.1598,9.2
54.0098,1.4198,14.6
54.0098,1.4298,12.5
54.0098,1.7698,10.4
54.0098,1.7898,15.6
54.0098,3.91,14.9
54.0098,3.97,4.9
54.0098,3.98,14.1
54.0098,4.01,10.3
54.0098,4.03,7.6
54.0098,4.0398,5.3
54.0098,4.0598,13.7
54.0098,4.1198,18.3
54.0098,4.1798,13.7
54.0098,4.25,14.3
54.02,0.0698,5.6
54.02,0.15,5.5
54.02,1.4298,12.5
54.02,1.44,14.4
54.02,1.46,16.5
54.02,1.84,13.8
54.02,4.11,15
54.02,4.1198,10.2
54.02,4.1398,17.4
54.02,4.1598,13.5
54.02,4.17,7.75
54.02,4.1798,16.4
54.02,4.19,12.8
54.0298,0.15,13.1
54.0298,1.48,11.35
54.0298,4.15,6.7
54.0298,4.19,6.4
54.0298,4.25,6.1
54.04,0.1398,6.2
54.04,1.1298,13.7
54.04,1.49,6.5
54.04,1.5098,6.8
54.04,1.9098,6.9
54.0498,0.1398,10.7
54.0498,1.5398,6.5
54.0498,1.59,13.4
54.0498,1.7598,7.1
54.0498,1.96,8.6
54.06,0.1298,10.7
54.06,1.5498,10.86666667
54.06,1.7898,9.95
54.0698,0.1298,8.6
54.0698,1.6,14.8
54.0698,2.0298,12.2
54.08,1.57,14.7
54.09,0.0098,9.3
54.09,0.1198,6.8
54.09,1.65,8.2
54.0998,-0.0098,10.3
54.0998,0,6.8
54.0998,0.1098,5.5
54.0998,1.6798,11.3
54.0998,1.7,11
54.0998,2.14,15
54.0998,2.17,16.6
54.11,0.1,16.7
54.11,0.1098,5.8
54.11,1.6598,9.45
54.11,1.72,9.5
54.1198,1.73,17.2
54.1198,1.74,9.4
54.1198,1.75,11.4
54.13,0.09,17.1
54.13,0.1,5.85
54.13,1.7698,10.7
54.1398,-0.05,6.5
54.1398,1.7998,6.7
54.1398,1.8798,7.6
54.15,-0.1098,7.3
54.15,0.09,6.2
54.15,1.5298,10.7
54.15,1.5598,6.4
54.15,1.8098,6.4
54.15,1.82,15.6
54.15,1.83,5.1
54.15,1.98,9.5
54.1598,-0.0598,8.8
54.1598,0.0798,9
54.1598,1.84,10.9
54.1598,1.86,7
54.1698,-0.0598,9.7
54.1698,0.0698,8.1
54.1698,0.0798,12.9
54.1698,1.87,12.8
54.1698,1.8898,6.5
54.1698,1.9,14.7
54.1698,2.0298,13.5
54.1698,2.45,9
54.1698,2.46,17
54.18,0.0698,14.8
54.18,1.6398,13.3
54.18,1.9098,6.4
54.18,1.9198,11.3
54.18,2.5,9.8
54.1898,0.0598,17.1
54.1898,0.0698,11.5
54.1898,1.94,15.5
54.1898,1.96,6.3
54.1898,2.0198,15.1
54.2,0.0598,7
54.2,1.72,11.3
54.2,1.98,6.4
54.2,2.5498,7.6
54.2098,0.0598,17.8
54.2098,2.0798,15
54.2098,2.6098,7.1
54.2098,2.6198,10.7
54.22,0.0398,15.2
54.22,0.05,11.5
54.22,1.83,10.7
54.22,2,6.4
54.22,2.0298,9.2
54.2298,0.0398,6.5
54.2298,0.05,14.4
54.2298,1.75,14.8
54.2298,2.0498,13.7
54.24,-0.1598,15.05
54.25,2.1098,11.7
54.25,2.1198,9.5
54.2598,-0.2,6.2
54.2598,0.0298,6.8
54.2598,2.14,12.9
54.2598,2.16,7.75
54.27,0.0198,9.1
54.27,2.17,7.2
54.2798,-0.25,10.15
54.2798,2.21,5.9
54.2798,2.8598,6.5
54.29,0,18.3
54.29,2.22,6.2
54.29,2.25,6.2
54.29,2.92,6.1
54.2998,0.55,17.2
54.2998,2.25,11.3
54.31,0,13.3
54.31,2.96,6
54.3198,1.96,18.3
54.3198,2.3298,13.6
54.3198,2.99,11.45
54.33,-0.3,18.3
54.33,-0.2598,6.2
54.33,-0.0198,8.6
54.33,-0.0098,13.3
54.33,0,10.6
54.33,0.1398,8.9
54.33,2.39,6.8
54.34,2.3698,15
54.3498,-0.0198,9.2
54.3498,2.41,10.35
54.36,-0.0298,13.1
54.36,2.5298,16.1
54.36,3.0798,14.7
54.3698,-0.0298,14.1
54.3698,2.3698,7.6
54.3698,2.47,6
54.38,-0.0398,16.8
54.38,2.49,7.3
54.38,2.5098,6
54.3898,2.5,10.8
54.3898,2.5098,9.5
54.3898,2.5198,9
54.4,-0.37,8.8
54.4,-0.05,9.2
54.4,2.48,7.3
54.4,2.5498,5.9
54.4,2.5598,6.4
54.4098,-0.05,10.6
54.4098,2.5698,8.4
54.4098,2.5798,5.25
54.4098,2.5898,8.7
54.4098,2.7,10.6
54.4198,2.21,14.7
54.4198,3.19,13.7
54.43,-0.0698,9.7
54.43,2.63,6.4
54.4398,-0.0698,6.5
54.4398,2.65,7.3
54.4398,2.66,9.1
54.4398,3.23,9.2
54.45,-0.0698,16
54.45,2.67,15.1
54.45,3.25,7.9
54.4598,-0.0798,17.3
54.4598,2.7,12.2
54.47,-0.46,9
54.47,-0.09,6.7
54.47,0.0598,6.4
54.47,2.72,6.8
54.47,2.73,12.7
54.4798,-0.09,11.6
54.4798,2.74,9.9
54.4798,2.75,15.4
54.49,2.7598,9.2
54.49,2.7698,6
54.49,2.7798,12.9
54.5,2.7898,9.2
54.5,2.7998,7.55
54.5,2.98,9.3
54.5098,-0.5198,7.3
54.5098,-0.1,9.2
54.5098,2.8198,12.8
54.52,-0.1198,10.8
54.52,-0.1098,15.1
54.52,2.8398,12.2
54.52,3.3498,10.8
54.5298,-0.1198,16.3
54.5298,2.47,13.3
54.5298,2.8498,13.3
54.5298,2.8598,6.9
54.5298,3.38,9.2
54.54,-0.5898,10.2
54.54,-0.55,6.7
54.54,-0.1298,8.5
54.54,-0.1198,9.8
54.54,2.89,10.4
54.5498,0.0098,7.75
54.5498,2.89,6.8
54.5498,3.42,16.9
54.56,-0.1298,17.2
54.56,3.43,7.3
54.5698,-0.1398,10
54.5698,-0.1298,12.4
54.58,-0.15,15.4
54.58,-0.1398,9.8
54.58,2.96,7.6
54.58,2.97,8.6
54.58,3.22,9.2
54.59,-0.6398,7.3
54.59,-0.15,8.4
54.59,0.65,14.65
54.59,2.97,11
54.59,2.99,9.2
54.5998,3.0098,13
54.5998,3.5,16.8
54.61,-0.7098,16.2
54.61,3.0298,11.3
54.6198,-0.73,13.1
54.6198,-0.7,11.3
54.6198,-0.1698,9.5
54.6198,3.0598,12.5
54.63,-0.73,4.9
54.63,3.0698,8.4
54.63,3.5598,9.2
54.6398,-0.1698,9.8
54.6398,3.1098,16.1
54.65,-0.75,9.8
54.65,-0.1898,9.3
54.65,3.1198,15.6
54.65,3.13,6.7
54.6598,-0.8098,14.1
54.6598,-0.18,11.4
54.6598,3.15,12.5
54.6598,3.2698,13.2
54.6698,3.6198,5.6
54.68,3.2,17.8
54.6898,-0.91,8.7
54.6898,3.2,6.5
54.6898,3.22,16.3
54.6898,3.3598,18.6
54.7,-0.2,5.7
54.7,3.23,7.7
54.7,3.67,8.4
54.7098,3.25,15.8
54.7098,3.2598,5
54.7098,3.2698,12.05
54.7098,3.68,9.9
54.72,-0.2098,17.8
54.72,3.2898,11.7
54.72,3.45,6.6
54.7298,-0.91,5.8
54.7298,3.47,8.7
54.74,3.3298,5.9
54.74,3.3398,9.7
54.75,-0.9298,14.6
54.75,-0.2398,9.6
54.75,3.43,16.6
54.75,3.75,14.7
54.7598,3.3698,9.8
54.7598,3.7598,16.3
54.77,-1.0298,17.8
54.77,-1.0098,11.3
54.77,-0.25,8.7
54.7798,-1.09,9.6
54.7798,-0.25,6.4
54.7798,-0.1198,12.3
54.7798,3.42,6.8
54.79,3.44,8.1
54.79,3.6198,8.7
54.7998,-0.2598,6.1
54.7998,3.47,6.7
54.81,3.49,9.7
54.81,3.5598,9.7
54.8198,-0.2798,14.6
54.8198,-0.27,15.2
54.8198,3.5098,12.4
54.8198,3.5198,11.4
54.83,-0.27,6.4
54.83,0.73,15.2
54.83,3.5298,10.5
54.83,3.5398,8.7
54.83,3.8198,11
54.83,3.88,7.3
54.84,-0.2798,17.8
54.8498,-0.2798,12.3
54.8498,3.5798,10.2
54.8498,3.5898,14.8
54.8498,3.92,11
54.86,-0.2898,15.5
54.8698,3.5998,12.8
54.8698,3.6198,11.2
54.8698,3.69,6.4
54.8698,3.96,14.5
54.8698,3.97,16.65
54.88,3.63,9.7
54.8898,-0.3,6
54.8898,3.3198,8.4
54.8898,3.65,13.7
54.9,-0.91,11.4
54.9,3.69,6
54.9,3.7,13.8
54.9098,-0.31,5.7
54.9098,4.0198,10
54.9198,-0.3198,15.4
54.9198,3.74,12.7
54.9198,4.05,6.4
54.93,-1.1798,9.5
54.93,-0.33,9
54.93,3.74,15.8
54.93,4.0598,11.5
54.95,-1.19,17.9
54.95,3.8098,9.1
54.95,4.0398,8.2
54.95,4.0998,7.1
54.9598,3.8198,17.9
54.9598,4.09,8.7
54.97,-0.99,6.4
54.97,0.7798,6
54.97,3.8398,10.7
54.97,3.8598,5
54.9798,3.8598,13.9
54.99,-1,15.1
54.99,3.88,6
54.99,4.1598,18.4
55,3.9,17.9
55,3.91,16.2
55.0098,-0.37,7.75
55.0098,3.5998,12.4
55.0098,3.93,13.7
55.02,-1.0398,11.2
55.02,-0.3798,6
55.02,-0.2598,11.1
55.02,3.96,6.8
55.02,4.2398,10.2
55.0298,-0.3798,16.7
55.0298,0.8,6.5
55.0298,3.98,10.6
55.0298,3.99,5
55.04,-0.27,6
55.04,4.01,6.8
55.04,4.23,15.4
55.04,4.2398,7.1
55.0498,4.03,17.9
55.06,-1.22,8.4
55.06,-0.3898,13.7
55.06,3.71,9.9
55.06,4.0598,13.7
55.0698,4.05,4.9
55.0698,4.0598,16.1
55.0698,4.0798,11.4
55.09,-0.41,10.15
55.09,4.11,13.5
55.0998,-1.25,6
55.0998,-1.23,11.4
55.0998,-0.41,13.8
55.11,4.17,9.8
55.1198,-1.1498,10
55.1198,-0.43,6
55.13,-0.4398,15
55.13,4.1998,8.2
55.1398,4.2198,16.3
55.15,-0.45,8.85
55.15,4.25,9.6
55.1898,-0.47,12.85
55.1898,-0.46,7.3
55.2,-1.2898,10.1
55.2,-0.47,11.4
55.2098,-0.47,11.7
55.22,-1.2598,15.1
55.22,-0.4798,13.6
55.24,-0.49,8.2
55.25,-1.2998,8.4
55.25,4.15,11.5
55.2598,-1.2998,13.7
55.2598,-0.5,6
55.27,-1.35,9.9
55.27,-1.3098,6.1
55.27,-0.5098,6
55.27,-0.5,15
55.2798,-0.5098,7.5
55.2998,-1.36,9.9
55.2998,-0.5298,6.1
55.31,-1.37,9.8
55.31,-0.5298,6.2
55.31,-0.5198,15.8
55.3198,-1.36,7.4
55.34,-0.54,9.3
55.3498,-0.55,13.5
55.3498,-0.54,12.5
55.36,-0.5598,11.65
55.3698,-0.5598,12.3
55.38,-0.5598,12.6
55.3898,-0.57,12.05
55.4,-0.5798,9.7
55.4098,-0.5898,13.2
55.4198,-1.36,8
55.4198,-0.5898,9.1
55.4198,-0.49,14.65
55.4198,0.94,6.7
55.43,-1.48,10.8
55.43,-0.6,6
55.4398,-0.6,11.6
55.45,-0.61,10.75
55.45,-0.6,11.7
55.47,-1.3098,8.4
55.4798,-0.62,13.6
55.5,-0.6398,12.65
55.5,-0.6298,15.1
55.52,-1.3998,16.9
55.52,-0.6398,9.1
55.52,-0.54,6.95
55.5298,-1.32,7
55.5298,-0.65,13.6
55.5298,-0.6398,6.5
55.54,-0.65,9.7
55.54,-0.6398,15.2
55.56,-0.65,12.1
55.56,-0.57,8.6
55.5698,-0.67,6.8
55.58,-1.4298,12.4
55.58,-1.3798,11.3
55.58,-0.67,6.1
55.61,-1.5,9.7
55.61,-0.6798,6
55.6198,-0.69,8.5
55.63,-1.4298,8.4
55.65,-1.48,9
55.65,-0.62,6.1
55.6598,-1.5298,6.8
55.6598,-1.35,9.5
55.6698,-0.72,13.7
55.68,-1.5098,8.4
55.68,-0.73,6.1
55.7,-1.5298,11.5
55.7,-0.74,9.6
55.7,-0.73,6.4
55.7098,-1.4198,15
55.7098,-0.74,5.9
55.7098,-0.73,9.8
55.7098,-0.66,14.5
55.72,-0.74,6.8
55.7298,-0.67,8.4
55.74,-0.75,6.8
55.75,-1.4298,15.1
55.7598,-1.5198,5.9
55.7598,-1.48,5.9
55.77,-0.7798,9.2
55.77,-0.7598,9.05
55.79,-1.49,12.1
55.7998,-0.79,11.6
55.81,-0.79,6.4
55.83,-1.5098,8.7
55.83,-0.8098,9.2
55.83,-0.79,11.8
55.8498,-0.8098,15.8
55.8498,1.1,8.2
55.86,-1.3898,11.3
55.86,-0.8098,13.7
55.8698,-1.5198,8.1
55.8698,-0.8298,9.3
55.8698,-0.82,14.7
55.8698,1.11,12.2
55.88,-1.5598,11.3
55.88,-0.82,5.9
55.8898,-0.8398,14.4
55.8898,-0.8298,11.03333333
55.9,-1.48,12.4
55.9,-0.8398,5.9
55.9,-0.8298,11.7
55.9098,-0.8398,8.3
55.9198,-1.5098,12.5
55.93,-0.86,11.5
55.9598,-0.87,12.2
55.97,-0.87,16.8
55.97,1.1398,14.3
55.9798,-1.5598,11.5
55.99,-0.8798,9.45
55.99,1.1498,10.5
56,-0.8898,11.5
56,-0.8798,16.9
56.0098,-1.57,7
56.0298,-0.9,9.5
56.04,-0.9,13.7
56.0498,-0.91,7
56.0498,-0.85,8.9
56.06,-0.9298,7.1
56.0998,-0.95,12.3
56.0998,-0.94,6.8
56.1198,-0.95,8.5
56.13,-0.9598,8.5
56.13,-0.8898,6.5
56.1698,-0.99,7
56.1698,-0.98,12.4
56.1698,1.21,13.7
56.18,-0.99,11.7
56.1898,-0.99,9.05
56.2,-1,7.5
56.2098,-1.0198,9.8
56.2298,-1.0198,9.6
56.2298,-1.0098,10.4
56.24,-1.5498,13.9
56.2598,-1.5498,11.5
56.29,-1.0398,11.4
56.31,-1.0498,10.8
56.3198,-1.0598,7.1
56.33,-1.0598,11.5
56.33,-1.0498,7.5
56.3498,-1.07,6.7
56.3498,-1.0198,12.35
56.36,-1.08,7.1
56.38,-1.1,13.7
56.38,-1.09,12.4
56.3898,-1.1,14.8
56.4098,-1.11,12.6
56.4198,-1.5,11.3
56.4198,-1.1298,13.3
56.4198,-1.11,9.6
56.43,-1.0598,11.3
56.4398,-1.12,7.1
56.4598,-1.1298,13.3
56.47,-1.1398,13.3
56.47,-1.08,8.8
56.4798,-1.1598,7
56.49,-1.1398,9.6
56.5,-1.1598,14.6
56.5,1.33,12.4
56.5098,-1.1798,11.5
56.54,1.34,9.6
56.5498,-1.1798,11.5
56.5498,-1.1698,13.5
56.5698,-1.1798,14.4
56.58,-1.2,11
56.59,-1.2,6.7
56.59,-1.19,8
56.5998,-1.2,14.2
56.6198,-1.21,7.1
56.6198,-1.1798,9.05
56.65,-1.22,7
56.6598,-1.24,6.8
56.6698,-1.24,13.3
56.6898,-1.2598,8
56.6898,-1.25,6.5
56.7,-1.2598,10.6
56.7,-1.25,10.5
56.7098,-1.2698,9.05
56.7098,-1.25,10.4
56.72,-1.2698,7
56.72,-1.2598,6.5
56.74,-1.2898,11
56.75,-1.2898,13.6
56.7598,-1.2998,8.7
56.7598,-1.2898,12.5
56.7598,-1.25,10.4
56.77,-1.2998,6.8
56.79,-1.2998,16
56.8198,-1.32,11
56.83,-1.33,7.1
56.83,-1.3098,12.9
56.84,-1.34,7
56.84,-1.33,6.4
56.86,-1.34,7.1
56.88,-1.57,12.9
56.88,-1.36,8.5
56.88,-1.35,6.4
56.8898,-1.5398,10.9
56.9,-1.37,8.5
56.9,-1.36,8.95
56.9,-1.35,11.7
56.9098,-1.3898,13.9
56.9098,-1.3798,9.5
56.9198,-1.4298,13.2
56.9198,-1.3798,8.6
56.9198,1.48,12.7
56.93,-1.3898,11.5
56.9398,-1.3798,8.6
56.9398,-1.36,13.8
56.95,-1.3998,7
56.9598,-1.37,12.9
56.9798,-1.4098,6.8
56.9798,-1.21,6.4
56.99,-1.4298,8.7
56.99,-1.1698,9.3
57.0098,-1.4198,8.6
57.02,-1.4198,8.4
57.04,-1.4198,8.1
57.06,-0.92,7
57.09,-1.47,8.7
57.0998,-1.47,11.15
57.11,-1.48,12.4
57.11,-1.47,9.8
57.1198,-0.7,8.1
57.13,-1.48,8.8
57.1398,-1.49,10.6
57.15,-1.5,11
57.1598,-1.5,10.6
57.1598,-1.49,7.6
57.1598,-0.57,14.2
57.18,-0.5098,8.8
57.1898,-1.59,8.8
57.1898,-0.45,8.08
57.1898,1.58,8.8
57.2,-1.5398,11.5
57.2,-1.5198,9.2
57.2098,-1.49,9.3
57.2098,1.58,8.38
57.22,-1.57,11.5
57.22,-1.5398,9.6
57.22,-1.5098,12.8
57.22,-0.35,7
57.2298,-1.5398,8.8
57.2298,-0.33,12.4
57.2298,-0.3198,8.8
57.24,-1.57,8.8
57.24,-1.5498,13.2
57.24,-1.36,12.5
57.25,-1.57,8.42
57.25,-1.5398,12.85
57.25,-1.5198,7.25
57.2598,-1.57,11.8
57.2598,-1.5398,10.79
57.2598,-1.5198,11.93
57.2598,-1.5098,11.7
57.2598,-1.5,10
57.2598,-1.47,13.1
57.2598,-1.2998,13.2
57.27,-1.58,7.97
57.27,-1.5498,13.95
57.27,-1.5398,10.78
57.27,-1.47,12.9
57.27,-1.2598,12.95
57.27,-1.25,7.84
57.2798,-1.49,8.02
57.2798,-1.46,10.8
57.2798,-1.45,11.84
57.2798,-1.4298,13.5
57.29,-1.57,13.6
57.29,-1.5598,14.4
57.29,-1.45,7.7
57.29,-1.44,7
57.29,-1.4098,9.5
57.29,-1.3998,9.5
57.2998,-1.58,9.5
57.2998,-1.46,8.2
57.2998,-1.4298,14.42
57.2998,-1.3998,11.14666667
57.2998,-1.36,10.79
57.2998,-1.2998,11.5
57.2998,-0.0798,13.2
57.31,-1.4098,8.9
57.31,-1.3898,14.4
57.31,-1.3798,14.11
57.31,-1.36,13.97
57.31,-1.35,12.7
57.31,-1.34,13.2
57.31,-1.32,8
57.31,-1.2698,8
57.3198,-1.49,11.8
57.3198,-1.34,9
57.3198,-1.32,9.6
57.3198,-1.2998,6.29
57.3198,-1.2798,9.8
57.3198,-1.0198,11.8
57.3198,-0.0098,7.58
57.33,-1.3098,9
57.33,-1.2598,9.7
57.33,-1.24,6.27
57.33,-1.1798,12.86
57.34,-1.2698,13.1
57.34,-1.21,14.19
57.34,-1.2,9.8
57.34,-1.19,8.9
57.3498,-1.2,13.3
57.3498,-1.1698,14.11
57.3498,-1.11,10.42
57.3498,-1.09,13
57.36,-1.1,13
57.36,-1.08,13.46
57.36,-1.0498,8.2
57.36,0.1398,12.4
57.3698,-1.22,9
57.3698,-1.21,9.8
57.3698,-1.1398,9.8
57.3698,-1.1,14.23
57.3698,-1.09,13.6
57.3698,-1.0598,13.2
57.3698,-1.0398,13.6
57.3698,-1,8
57.38,-1.07,13
57.38,-1.0498,14.62
57.38,-1.0398,11.995
57.38,-1.0298,13.8
57.38,-1.0198,13.7
57.38,-0.95,12.625
57.3898,-1.1398,13
57.3898,-1.12,9.9
57.3898,-1.0598,9.9
57.3898,-1.0298,14.61
57.3898,-1,14.6
57.3898,-0.99,10.7
57.3898,-0.9598,7.6
57.3898,-0.94,12.1
57.3898,-0.9298,13.21
57.4,-1.2698,8.8
57.4,-0.97,11.2
57.4,-0.95,11.525
57.4,-0.9298,6.28
57.4,-0.8898,13.14
57.4098,-0.92,13.25
57.4098,-0.91,9.4425
57.4098,-0.8898,7.4
57.4098,-0.8798,7.8
57.4098,-0.85,13.31
57.4098,-0.6298,11.8
57.4198,-1.57,8.14
57.4198,-1.21,10.9
57.4198,-0.98,11.3
57.4198,-0.8898,9.8
57.4198,-0.8798,9.78
57.4198,-0.86,9.77
57.4198,-0.8298,11.1
57.4198,-0.82,13.5
57.4198,-0.8,13.2
57.4198,-0.79,12.45
57.4198,-0.7698,13.1
57.43,-1.5598,13.1
57.43,-0.94,10.9
57.43,-0.8798,9.8
57.43,-0.79,14.56
57.43,-0.7798,12.3
57.43,-0.7598,7.8
57.43,-0.75,12.77
57.4398,-0.8,13.1
57.4398,-0.7698,8.4
57.4398,-0.73,12.9
57.4398,-0.7098,12.3
57.4398,-0.7,12.4
57.4398,-0.69,12.3
57.4398,-0.5198,13.1
57.4398,0.4198,8.09
57.45,-0.86,9.1
57.45,-0.7098,9.9
57.45,-0.67,13.7
57.45,-0.66,11.7
57.45,-0.65,13.1
57.4598,-1.5098,11.7
57.4598,-1.0598,11
57.4598,-0.74,11.3
57.4598,-0.72,14.41
57.4598,-0.7098,10.42
57.4598,-0.69,14.45
57.4598,-0.6398,13.7
57.4598,-0.61,13.64
57.4598,-0.6,11.7
57.47,-1.5,11.7
57.47,-0.65,11.1
57.47,-0.6298,13.3
57.47,-0.5898,10.6
57.4798,-1.49,13.56
57.4798,-0.72,11.1
57.4798,-0.6,9.9
57.4798,-0.55,10.25
57.4798,-0.54,8.8
57.4798,-0.5298,13.49
57.4798,-0.5198,13
57.4798,0.5798,11.7
57.49,-1.49,9.1
57.49,-0.66,11.1
57.49,-0.5798,9.8
57.49,-0.57,14.8
57.49,-0.5598,13.4
57.49,-0.5298,14.8
57.49,-0.5,13.38
57.49,-0.49,13.15
57.5,-0.9598,11.7
57.5,-0.6398,11.3
57.5,-0.61,9.8
57.5,-0.5198,9.9
57.5,-0.49,7.5
57.5,-0.4798,10.95
57.5,-0.47,8
57.5,-0.4398,9.8
57.5,-0.4198,13
57.5,-0.2598,11.7
57.5098,-0.5798,8.29
57.5098,-0.5,9.9
57.5098,-0.49,14.9
57.5098,-0.4798,10.23
57.5098,-0.43,6.33
57.5098,-0.41,13.5
57.5098,-0.2198,13.49
57.52,-0.45,8.41
57.52,-0.4398,14.98
57.52,-0.4198,10.46
57.52,-0.4,13.9
57.52,-0.3898,10.455
57.5298,-0.87,8.4
57.5298,-0.49,11.2
57.5298,-0.47,10
57.5298,-0.41,10
57.5298,-0.35,10.84
57.5298,-0.3198,10.3
57.5298,-0.31,13.25
57.54,-0.7798,11.4
57.54,-0.36,9.9
57.54,-0.3398,15.28
57.54,-0.3198,10.83
57.54,-0.3,13.8
57.54,-0.2898,12.7
57.54,-0.27,13.3
57.54,-0.2598,11.3
57.5498,-1.57,11.3
57.5498,-0.41,7.9
57.5498,-0.4,10.1
57.5498,-0.3798,10.1
57.5498,-0.33,10.2
57.5498,-0.31,15.41
57.5498,-0.2898,15.49
57.5498,-0.25,6.51
57.5498,-0.23,8.9
57.5498,-0.2198,13.345
57.56,-1.5498,11.3
57.56,-0.25,7.9
57.56,-0.2198,13.15
57.56,-0.18,13.52
57.56,-0.1698,13.94
57.56,-0.1598,11.4
57.5698,-0.3198,12.9
57.5698,-0.2898,10.2
57.5698,-0.2098,10.2
57.5698,-0.2,10.72
57.5698,-0.1398,15.4
57.5698,-0.1298,11.4
57.58,-0.18,11.4
57.58,-0.15,10.72
57.58,-0.1298,9.9
57.58,-0.1098,12.8
57.58,-0.0698,11.62
57.59,-0.1398,11.4
57.59,-0.0598,10.55
57.59,-0.0398,13.5
57.59,0.1098,11.4
57.5998,-0.09,8.32
57.5998,-0.0598,14.09666667
57.5998,-0.0098,11.2
57.5998,0,12.8
57.61,-0.6,12.8
57.61,-0.05,11.2
57.61,-0.0398,10.54
57.61,-0.0298,10.47
57.61,-0.0198,9.68
57.61,-0.0098,10.42
57.61,0,14.5
57.61,0.0098,13.75
57.61,0.0198,9.1
57.61,0.0398,13.78
57.61,0.2,12.2
57.6198,-1.48,8.38
57.6198,-0.0198,7.9
57.6198,0,15.83
57.6198,0.0298,9.455
57.6198,0.05,11.04
57.63,-0.0098,13.75
57.63,0.0298,10.2
57.63,0.0698,15.85
57.63,0.0798,12.7
57.63,0.1098,8.8
57.63,0.1398,12
57.6398,-1.3998,11.1
57.6398,0.1,11.1
57.6398,0.1098,6.7
57.6398,0.1198,7.7
57.6398,0.1398,8.6
57.6398,0.1598,13
57.6398,0.1698,11.1
57.65,0.1198,11.1
57.65,0.1398,8.4
57.65,0.15,10.61
57.65,0.1598,7.6
57.65,0.1898,6.67
57.65,0.23,8
57.65,1.1798,12.8
57.6598,-1.3798,9.2
57.6598,0.1198,11
57.6598,0.1598,10.2
57.6598,0.1898,16.13
57.6598,0.2,10.63
57.6598,0.2098,8
57.6598,0.23,9
57.6598,0.2398,7.3
57.6598,0.25,14.06
57.6598,0.27,11
57.6598,0.41,12.7
57.6598,0.43,8.52
57.6598,0.4398,8.54
57.6598,1.2,8.59
57.6698,0.2398,9.2
57.6698,0.27,13.6
57.6698,0.2798,14.18
57.6698,0.31,8.5
57.68,0.2898,9
57.68,0.33,10.43
57.68,0.37,8.4
57.68,1.2698,12.6
57.6898,0.31,9.2
57.6898,0.3198,11.31
57.6898,0.35,14.2
57.6898,0.37,11.905
57.6898,0.3798,11.7
57.7,0.3398,11.2
57.7,0.35,16.1
57.7,0.36,10.34
57.7,0.37,8.565
57.7,0.3798,16.14
57.7,0.4,14.95
57.7,0.41,14.2
57.7,0.43,13.9
57.7,0.4398,12.2
57.7098,0.3198,12.7
57.7098,0.33,10.1
57.7098,0.35,10.1
57.7098,0.4,10.1
57.7098,0.4198,16.12
57.7098,0.43,13.9
57.7098,0.4398,8.1
57.7098,0.45,14.02
57.7098,0.46,13.7
57.7098,0.47,11.1
57.72,-0.2198,12.1
57.72,0.4398,10.1
57.72,0.46,10.45
57.72,0.47,14.4
57.72,0.4798,10.48
57.72,0.5,9
57.72,0.5298,12.4
57.7298,-0.8898,10.9
57.7298,0.4,11.6
57.7298,0.4398,10.1
57.7298,0.47,10.1
57.7298,0.49,16.14
57.7298,0.5,16.11
57.7298,0.5198,16.1
57.7298,0.5298,13.8
57.7298,0.54,13.855
57.7298,0.55,13
57.74,0.5198,10.9
57.74,0.55,10.58
57.74,0.57,12.72
57.74,0.5798,10.53333333
57.74,0.6,8.1
57.74,0.6298,10.9
57.75,-1.33,12.6
57.75,-0.1098,11
57.75,0.5898,10.1
57.75,0.6,10.185
57.75,0.62,8.1
57.75,0.6298,12
57.75,0.67,13.7
57.75,0.8098,12.6
57.7598,-0.15,8.68
57.7598,0.55,10.9
57.7598,0.5598,10.1
57.7598,0.62,10.1
57.7598,0.6298,6.72
57.7598,0.6398,16.14
57.7598,0.65,14.5
57.7598,0.6798,12.93666667
57.7598,0.69,10.8
57.7598,0.7,14.18
57.77,-1.5098,12.5
57.77,-0.69,8.2
57.77,-0.1098,11.5
57.77,0.62,10.8
57.77,0.67,9.3
57.77,0.73,13.375
57.77,0.8798,9.2
57.7798,-0.65,8.6
57.7798,0.73,11.5
57.7798,0.74,13
57.7798,0.75,7.625
57.7798,0.7798,14.5
57.7798,0.8,12.5
57.7798,0.92,10.5
57.7798,1.9298,8.57
57.79,-1.5298,11.2
57.79,-1.2998,8.1
57.79,0.74,11
57.79,0.7598,10.65
57.79,0.7698,15.7
57.79,0.8,6.86
57.79,0.8298,11.6
57.79,0.86,12.435
57.7998,-1.5298,12.6
57.7998,-0.0298,8.1
57.7998,0.73,10.1
57.7998,0.74,10
57.7998,0.8098,10
57.7998,0.8298,10.58
57.8,4.18,14.5
57.8,4.22,7.04
57.8,4.23,17.91
57.8,4.25,8.734
57.81,-1.2898,12.61
57.81,-0.45,11
57.81,0.0098,11.5
57.81,0.7698,10.5
57.81,0.8298,10
57.81,0.85,16.45
57.81,0.8798,10.57
57.81,0.9,13.85
57.81,0.92,12
57.81,0.9298,12.6
57.81,1.72,12.6
57.8198,-1.5498,9.2
57.8198,-1.2898,8.1
57.8198,0.0598,11
57.8198,0.8798,10.5
57.8198,0.9,16.33
57.8198,0.91,13.9
57.8198,0.95,8.4
57.8198,1.11,12.5
57.8198,1.7698,8.51
57.82,4.02,9.1
57.82,4.07,16.445
57.82,4.1,16.435
57.82,4.12,17.91
57.82,4.13,14.21
57.82,4.15,16.41
57.82,4.17,7.05
57.82,4.22,7.05
57.83,0.9298,8.02
57.83,0.95,6.74
57.83,0.9598,13.48
57.83,0.97,6.74
57.83,0.99,8.4
57.83,1.0198,11.55
57.83,3.87,12.6
57.83,3.88,11.52
57.83,3.9,14.94
57.83,3.92,13.18
57.83,3.93,18
57.83,4,8.08
57.83,4.02,13.07
57.83,4.03,8.01
57.84,0.94,8.02
57.84,0.9598,10
57.84,1.0098,16.45
57.84,1.0198,14.5
57.84,1.0298,14.54
57.84,1.0398,13.00666667
57.84,1.0498,8.4
57.84,1.84,13.575
57.8498,-0.2098,9.1
57.8498,1.0098,11.4
57.8498,1.0198,10.64
57.8498,1.0398,6.69
57.8498,1.0598,15.9
57.8498,1.09,14.5
57.8498,1.1,11.65
57.8498,1.87,11.9
57.85,3.78,9.1
57.85,3.82,17.83
57.85,3.83,13.36
57.85,3.85,10.72
57.85,3.9,8.09
57.85,3.92,7.06
57.86,-0.1698,7.06
57.86,1.0398,11.4
57.86,1.0498,8.5
57.86,1.09,13.69
57.86,1.1,12.93666667
57.86,1.12,13.9
57.86,1.1298,8.4
57.86,1.1398,12.7
57.86,1.1498,10.9
57.8698,1.1398,13.7
57.8698,1.1498,8.2
57.8698,1.1598,14.4
57.8698,1.1698,11.1375
57.8698,1.1798,10.9
57.8698,1.32,10.9
57.8698,1.96,8.77
57.87,3.57,9.1
57.87,3.58,17.65
57.87,3.62,17.56
57.87,3.63,17.58
57.87,3.65,14.75
57.87,3.67,17.66
57.87,3.68,11.33
57.87,3.7,17.81
57.87,3.82,15.38
57.88,1.1698,7.06
57.88,1.1798,9.2
57.88,1.2,14.4
57.88,1.21,8.4
57.88,1.23,12.2
57.88,3.37,14.36
57.88,3.38,17.66
57.88,3.4,17.65
57.88,3.42,17.64
57.88,3.47,8.15
57.88,3.52,13.39
57.88,3.53,7.01
57.88,3.55,17.7
57.88,3.63,8.12
57.8898,-1.25,7.04
57.8898,0.3398,11
57.8898,1.1498,9.9
57.8898,1.2,9.9
57.8898,1.21,16.82
57.8898,1.25,9.8
57.8898,1.2698,10.8
57.8898,1.4098,14.48
57.9,-1.24,8.59
57.9,1.1798,10.9
57.9,1.19,9.9
57.9,1.25,8.5
57.9,1.2598,14.4
57.9,1.2698,10.68
57.9,1.3098,16.465
57.9,1.34,10.7
57.9,1.4298,13.7
57.9,3.3,8.65
57.9,3.37,13.35
57.9098,-1.58,17.67
57.9098,1.2798,10.04
57.9098,1.2898,6.76
57.9098,1.3098,16.2
57.9098,1.33,11.7
57.9098,1.34,11.52
57.9098,1.35,14.67
57.9198,-1.23,11.53
57.9198,1.2998,10.7
57.9198,1.32,9.8
57.9198,1.34,16.74
57.9198,1.35,6.83
57.9198,1.37,13.29
57.9198,1.3798,9.7
57.92,3.13,14.63
57.92,3.22,8.18
57.92,3.23,14.61
57.92,3.28,13.89
57.92,3.32,8.18
57.93,1.35,6.96
57.93,1.36,8.5
57.93,1.3798,10.165
57.93,1.3998,16.49
57.93,1.4098,16.84
57.93,1.44,14.6
57.93,2.97,11.05
57.93,3,17.73
57.93,3.02,13.54
57.93,3.03,8.135
57.93,3.05,13.51
57.93,3.07,6.99
57.93,3.08,17.64
57.93,3.12,6.98
57.9398,1.37,6.98
57.9398,1.3798,9.8
57.9398,1.4098,9.8
57.9398,1.4298,10.55
57.9398,1.44,12.15
57.9398,1.45,10.5
57.9398,1.46,15.73
57.9398,1.49,9.9
57.9398,2.21,10.7
57.95,0.46,8.8
57.95,1.45,9.7
57.95,1.46,10.51
57.95,1.48,10.4
57.95,1.5198,9.9
57.95,1.5298,14.74
57.95,1.5598,14.73
57.95,2.9,12.9
57.95,2.97,13.46
57.95,2.98,7.02
57.9598,0.4798,7.03
57.9598,1.49,9.7
57.9598,1.5198,9.8
57.9598,1.5298,7.8
57.9598,1.5398,10.4
57.9598,1.5598,9.3
57.9598,1.57,12.1
57.9598,1.59,9.2
57.97,1.5,10.6
57.97,1.5398,9.8
57.97,1.57,9.7
57.97,1.58,12.545
57.97,1.59,14.6
57.97,1.6,17.28
57.97,1.6398,8.1
57.97,1.73,12.5
57.97,2.65,8.69
57.97,2.68,17.83
57.97,2.77,14.63
57.97,2.78,16.195
57.97,2.82,14.67
57.97,2.83,7.1
57.9798,0.54,8.05
57.9798,1.59,9.7
57.9798,1.61,17.29
57.9798,1.62,9.315
57.9798,1.6298,10.2
57.9798,1.65,11.8
57.9798,1.6598,10.2
57.9798,1.6798,14.68
57.98,2.47,13.1
57.98,2.5,17.74
57.98,2.52,17.72
57.98,2.53,14.59
57.98,2.55,14.57
57.98,2.57,13.32
57.98,2.6,10.855
57.98,2.63,8.04
57.98,2.67,8.03
57.98,2.68,7.17
57.98,2.7,7.15
57.98,2.72,8.02
57.98,2.73,7.575
57.98,3.77,7.14
57.99,1.6298,6.83
57.99,1.6598,9.6
57.99,1.6798,15.955
57.99,1.69,14.1
57.99,1.7,11.515
57.99,1.72,10.7
57.99,1.8098,14.48
57.99,1.82,8.71
57.99,2.39,8.705
58,0.67,8.7
58,1.6598,10.1
58,1.73,8.5
58,1.7698,14.55
58,1.8798,10.6
58,2.42,8.69
58,2.43,15.575
58,2.47,13.22
58,3.65,13.36
58,4.2,6.87
58.0098,0.65,13.93
58.0098,1.72,9.7
58.0098,1.75,9.4
58.0098,1.7798,15.93
58.0098,1.7998,14.46
58.0098,1.9,14.56
58.02,1.7898,8.68
58.02,1.7998,10.65
58.02,1.82,7.3
58.02,1.97,14.7
58.02,2.17,8.87
58.02,2.18,17.96
58.02,2.2,17.95
58.02,2.27,17.93
58.02,2.32,17.89
58.02,2.33,13.15666667
58.02,2.37,8.18
58.02,2.42,8.16
58.02,2.49,7.695
58.02,3.48,8.7
58.02,3.52,7.28
58.0298,1.7998,6.93
58.0298,1.8098,9.4
58.0298,1.83,10.65
58.0298,1.84,10.64
58.0298,1.86,8.1
58.0298,1.87,14.1
58.0298,1.8798,7.3
58.0298,1.9,11.2
58.0298,1.99,13.4
58.03,1.93,8.83
58.03,2.03,17.865
58.03,2.05,16.69
58.03,2.07,12.675
58.03,2.13,14.23
58.03,2.15,13.04
58.03,2.18,8.29
58.03,2.22,10.225
58.03,2.23,7.37
58.03,3.98,7.35
58.03,4.07,13.88
58.04,0.87,13.83
58.04,1.8098,11.4
58.04,1.8798,8.5
58.04,1.9,6.32
58.04,1.9098,8.1
58.04,1.9198,14.75
58.04,1.9298,14.74
58.04,2.5498,12
58.0498,1.87,8.6
58.0498,1.9,9.4
58.0498,1.9198,9.4
58.0498,1.9298,9
58.0498,1.95,17.78
58.0498,1.96,14.71
58.05,1.88,13.4
58.05,1.92,17.79
58.05,1.93,15.94
58.05,1.98,7.36
58.05,2,7.88
58.06,1.97,7.37
58.06,2.0098,10.55
58.06,2.6198,13.5
58.0698,0.9,8.6
58.0698,1.96,9.6
58.0698,1.98,9.5
58.0698,2.0098,10.46
58.0698,2.0198,14.5
58.0698,2.0398,17.82
58.0698,2.65,9.45
58.0698,2.66,8.6
58.07,1.72,8.6
58.07,1.77,17.32
58.07,1.78,9.976666667
58.07,1.82,8.5
58.07,1.85,13.41333333
58.07,1.87,13.06
58.07,1.88,7.35
58.07,1.9,13.08
58.07,1.93,8.43
58.07,2.9,8.41
58.07,2.98,7.63
58.07,4.15,7.69
58.08,1.6,9.11
58.08,1.62,7.44
58.08,1.63,16.17666667
58.08,1.67,10.21
58.08,1.68,16.22
58.08,1.72,10.7625
58.08,1.73,11.285
58.08,1.77,10.28
58.08,2.0198,8.51
58.08,2.0298,10.62
58.08,2.0398,5.82
58.08,2.0598,10.62
58.08,2.0798,11.8
58.08,2.0898,8.9
58.08,2.0998,14.6
58.08,2.1098,11.065
58.08,2.19,9.7
58.08,2.21,8.73
58.08,2.23,8.73
58.08,3.63,8.71
58.08,3.67,13.91
58.08,4.02,13.91
58.09,1.1498,8.64
58.09,2.0398,11.4
58.09,2.0498,8.4
58.09,2.0898,9.5
58.09,2.0998,9.7
58.09,2.1098,5.59
58.09,2.13,10
58.09,2.14,12.875
58.09,2.15,9.5
58.09,2.17,13.4
58.0998,2.1198,13.4
58.0998,2.13,13
58.0998,2.14,10.52
58.0998,2.15,10.47
58.0998,2.16,17.76
58.0998,2.18,9.1
58.0998,2.2,9
58.0998,2.21,9.4
58.0998,2.3098,13.4
58.1,1.53,8.7
58.1,1.57,12.55
58.1,2.68,11.23
58.1,2.73,7.65
58.1,3.57,7.72
58.1,3.77,13.94
58.1,3.83,8.35
58.1,3.87,8.39
58.11,1.2698,8.39
58.11,2.16,11.3
58.11,2.17,10.54
58.11,2.2,10.56
58.11,2.22,8.1
58.11,2.23,11.9
58.11,2.24,11.55
58.11,2.25,13.4
58.11,2.2598,9.5
58.1198,0.97,15.03
58.1198,2.22,10.5
58.1198,2.24,9.9
58.1198,2.25,10.48
58.1198,2.2698,12.3
58.1198,2.2798,10.7
58.12,1.27,15.05
58.12,1.33,8.52
58.12,1.35,15.01
58.12,1.38,7.47
58.12,1.4,7.48
58.12,1.43,8.5
58.12,1.47,13.97
58.12,1.48,13.03
58.12,2.57,13.03
58.12,3.38,7.65
58.12,3.42,13.93
58.13,-1.5598,13.9
58.13,1.12,10.33
58.13,1.13,7.49
58.13,1.17,13.96
58.13,1.18,9.396666667
58.13,1.2,13.59
58.13,1.23,8.52
58.13,1.27,12.50333333
58.13,1.28,7.48
58.13,1.32,15.42
58.13,2.25,13.95
58.13,2.2798,9.5
58.13,2.2898,11
58.13,2.2998,8.9
58.13,2.3098,13.8
58.13,2.3198,8.9
58.13,2.3398,14.96
58.13,2.38,10.1
58.13,3.28,14.3
58.13,3.42,13.93
58.13,4.05,8.44
58.13,4.1,7.45
58.1398,1.09,7.43
58.1398,2.2898,10.2
58.1398,2.3598,9.5
58.1398,2.38,14.6
58.1398,2.39,14.86
58.15,1.02,13.3
58.15,1.07,8.52
58.15,1.08,16.7
58.15,2.3198,13.92
58.15,2.3498,9.6
58.15,2.38,9.8
58.15,2.4,15.3
58.15,3.12,13.3
58.15,3.27,13.88
58.15,3.3,8.44
58.1598,2.39,8.44
58.1598,2.4,10.41
58.1598,2.42,13.48
58.1598,2.43,11.4
58.1598,2.46,14.2
58.1698,2.48,10.8
58.1698,2.49,13.61333333
58.1698,2.5,15.4
58.1698,2.5798,14.74
58.1698,2.5898,8.41
58.17,0.88,8.4
58.17,0.95,13.95
58.17,0.97,7.51
58.17,1.03,16.89
58.17,3.03,16.7
58.17,3.93,8.48
58.18,-1.59,7.5
58.18,-1.5598,8.7
58.18,0.67,10.44
58.18,0.68,13.88
58.18,0.72,12.31
58.18,0.75,13.89
58.18,0.8,7.49
58.18,0.82,7.5
58.18,1.2698,13.595
58.18,1.2898,9.8
58.18,1.6698,10.3
58.18,2.49,11.3
58.18,2.5,12.2
58.18,2.5198,8.235
58.18,3.78,10.2
58.18,3.82,7.51
58.1898,-1.59,7.52
58.1898,2.5298,11
58.1898,2.5698,11.65
58.1898,2.5798,17.42
58.1898,2.6098,12.62
58.2,-1.59,13.73333333
58.2,-1.0598,14.4
58.2,0.57,10.3
58.2,0.6,13.85
58.2,0.62,7.48
58.2,2.5798,16.95
58.2,2.6098,7.9
58.2,2.6198,14.85
58.2,2.63,14.23
58.2,2.72,11.8
58.2,2.75,8.4
58.2,2.8,8.49
58.2,2.83,8.51
58.2098,-1.59,8.51
58.2098,1.3898,9.9
58.2098,1.47,9.8
58.2098,2.5398,10.6
58.2098,2.6198,7.6
58.2098,2.63,10.46
58.2098,2.64,9.3
58.2098,2.65,12.06666667
58.2098,2.66,10.62666667
58.2098,2.68,15.2
58.2098,3.16,10.5
58.22,-1.59,9
58.22,-1.58,13
58.22,0.33,11.3
58.22,0.37,12.96
58.22,0.4,13.045
58.22,0.42,13.84
58.22,0.43,10.265
58.22,0.5,10.64
58.22,1.87,10.8
58.22,2.48,11.3
58.22,2.57,8.47
58.22,2.63,13.96
58.22,2.65,8.46
58.22,2.68,9.3
58.22,2.71,14.5
58.22,2.72,13.6
58.22,3.63,12.9
58.22,3.65,7.52
58.22,3.67,7.52
58.22,4.25,7.52
58.2298,2.7,16.29
58.2298,2.73,10.48
58.2298,2.74,7.8
58.2298,2.7898,9.7
58.23,0.12,13.3
58.23,0.25,13.19
58.23,0.27,13.17
58.23,0.28,13.14
58.23,0.32,7.41
58.23,0.33,13.86
58.23,0.37,8.4
58.23,0.38,15.95333333
58.23,2.47,16.98
58.23,3.62,13.91
58.23,4.17,7.53
58.23,4.18,13.2
58.23,4.22,15.24
58.23,4.23,13.925
58.23,4.25,15.76
58.24,-1.58,9.58
58.24,2,14.6
58.24,2.75,11.2
58.24,2.7598,10.54
58.24,2.7698,13.2
58.24,2.7898,6.68
58.24,2.8098,9.1
58.24,2.8198,14.98
58.24,2.8298,13.2
58.25,-1.59,14.97
58.25,-1.5498,7.47
58.25,0.18,10.44
58.25,1.5398,7.39
58.25,2.22,9.8
58.25,2.35,8.45
58.25,2.7898,13.99
58.25,2.7998,9.905
58.25,2.8098,13.945
58.25,2.8198,13.9
58.25,2.8298,9.4
58.25,2.8398,12.75
58.25,3.3098,11.085
58.25,3.52,9
58.25,4.13,7.52
58.25,4.15,11.34666667
58.25,4.17,13.13
58.2598,-1.59,18.28
58.2598,-1.58,12.11
58.2598,-1.57,8.2
58.2598,2.8398,11.71
58.2598,2.8498,9.4
58.2598,2.8598,9.8
58.2598,2.8698,12.05
58.2598,2.88,10.5
58.2598,2.92,11.45
58.27,-1.59,13.3
58.27,-1.58,7.1
58.27,-0.05,8.1
58.27,-0.03,13.24
58.27,-0.02,8.31
58.27,0.03,10.305
58.27,0.05,7.38
58.27,0.12,13.59
58.27,2.2,7.37
58.27,2.8698,11.1
58.27,2.88,9.4
58.27,2.89,9.6
58.27,2.9,7.7
58.27,2.93,11.45
58.27,2.95,9.2
58.27,2.96,13.3
58.27,3.0198,14.095
58.27,4.02,8.87
58.27,4.03,9.41
58.27,4.05,13.37
58.27,4.08,15.17
58.27,4.1,13.91
58.27,4.13,9.48
58.27,4.18,12.55
58.2798,-1.59,12.53
58.2798,-1.58,10.15
58.2798,-1.57,8.48
58.2798,1.65,13.9
58.2798,1.69,9.9
58.2798,1.82,9.9
58.2798,2.24,10.5
58.2798,2.94,11.1
58.2798,2.95,13.7
58.2798,2.98,17.35
58.2798,3.0498,7.8
58.28,-0.17,8.91
58.28,-0.13,16.08
58.28,-0.12,12.23
58.28,-0.1,13.16
58.28,-0.08,16.19
58.28,-0.07,10.61666667
58.28,1.9,16.21
58.28,2.1,8.68
58.28,3.35,13.91
58.28,3.95,7.55
58.28,3.98,12.145
58.28,4,18.31
58.28,4.02,18.3
58.28,4.03,10.04
58.28,4.12,8.84
58.28,4.17,12.54
58.29,2.2798,12.67
58.29,3,11.1
58.29,3.0098,13.8
58.29,3.0498,10.4
58.29,3.0798,14.105
58.2998,-1.58,8.92
58.2998,3.0198,9.99
58.2998,3.0298,6.69
58.2998,3.0398,10.25
58.2998,3.0498,11.5
58.2998,3.0598,8
58.2998,3.0698,10.96666667
58.2998,3.13,9.6
58.2998,3.17,8.89
58.3,-0.28,8.81
58.3,-0.22,7.35
58.3,-0.18,8.32
58.3,-0.17,16.05
58.3,1.88,13.14
58.3,3.87,8.86
58.3,3.9,12.91
58.3,3.92,13.16
58.3,3.98,14.92
58.3,4.05,9.96
58.31,-1.58,12.54
58.31,-1.57,9.67
58.31,3.0398,8.1
58.31,3.0598,10.56
58.31,3.0798,13.42
58.31,3.0998,14.9
58.31,3.1098,10.4
58.31,3.1198,7.8
58.31,3.21,9.1
58.31,3.5298,8.85
58.3198,-1.58,9
58.3198,-1.57,7.47
58.3198,3.1098,10.5675
58.3198,3.1198,9.9
58.3198,3.13,14.6
58.3198,3.15,7.955
58.3198,3.5498,7.8
58.32,-0.43,8.9
58.32,-0.42,7.36
58.32,-0.4,13.68
58.32,-0.38,7.36
58.32,-0.37,7.36
58.32,-0.33,8.38
58.32,-0.32,15.94
58.32,-0.28,13.385
58.32,1.82,14.52
58.32,1.87,9.28
58.32,3.13,14
58.32,3.77,7.65
58.32,3.78,9.85
58.32,3.82,9.86
58.32,3.83,12.34333333
58.32,3.85,11.845
58.32,3.87,15
58.32,3.88,18.37
58.32,4.13,10.3
58.32,4.15,17.89
58.32,4.2,5.77
58.32,4.22,10.33
58.33,-1.57,5.765
58.33,-1.5598,8.74
58.33,-0.58,13
58.33,-0.53,13.69
58.33,-0.52,8.43
58.33,-0.47,7.36
58.33,-0.33,12.72333333
58.33,1.75,13.11
58.33,2.0898,14.05
58.33,3.07,10.3
58.33,3.16,7.64
58.33,3.17,11.47
58.33,3.18,12.505
58.33,3.19,9.95
58.33,3.2,9.3
58.33,3.22,11.8
58.33,3.2698,13.95
58.33,3.6098,9.02
58.33,3.67,8.8
58.33,3.68,12.57
58.33,3.7,12.53
58.33,3.72,9.87
58.33,3.73,15.175
58.33,3.75,10.78
58.33,3.82,18.27
58.33,3.85,11.23
58.33,4.03,12.39
58.33,4.07,5.81
58.33,4.12,5.8
58.33,4.13,5.79
58.33,4.17,5.25
58.34,-1.57,10.39
58.34,-1.5598,11.45
58.34,-0.97,11.8825
58.34,3.2,10.5
58.34,3.23,9.9
58.34,3.24,15.50333333
58.34,3.25,12.33333333
58.34,3.2598,11.7
58.34,3.2698,14.81
58.34,3.2998,12.5
58.3498,-1.59,9.3
58.3498,-1.57,7.7
58.3498,-1.5598,7.41
58.3498,-1.5198,10.765
58.3498,-0.97,10.41
58.3498,2.64,10.5
58.3498,3.2598,11.3
58.3498,3.2798,9.855
58.3498,3.2898,16.93
58.3498,3.3198,14.74
58.35,-0.63,14.72
58.35,-0.62,11.695
58.35,-0.6,16.01
58.35,-0.52,16.06
58.35,1.47,13.04
58.35,1.58,13.81
58.35,1.62,13.88
58.35,2.98,11.66
58.35,3.02,7.66
58.35,3.57,7.65
58.35,3.6,9.29
58.35,3.63,12.6
58.35,3.65,9.7
58.35,3.67,18.22
58.35,3.68,18.22
58.35,3.97,15
58.35,4.03,17.59
58.36,-1.57,10.45
58.36,-1.5598,13.22
58.36,-1.5498,13.5
58.36,3.2898,10.76
58.36,3.3098,12.65
58.36,3.3198,15.905
58.3698,-1.58,12.5
58.3698,-1.5498,10.9
58.3698,3.3198,11.065
58.3698,3.3298,8.47
58.3698,3.3398,10.79
58.3698,3.3598,14.9
58.3698,3.38,12.45
58.3698,3.39,13.44
58.3698,3.41,12.5
58.3698,3.43,13.1
58.37,-0.83,9.04
58.37,-0.8,15.71
58.37,-0.78,13.61
58.37,-0.77,10.53
58.37,-0.72,13.62
58.37,-0.68,8.45
58.37,-0.67,7.38
58.37,-0.58,8.45
58.37,-0.57,13.14
58.37,2.88,13.15
58.37,3.53,7.67
58.37,3.55,9.63
58.37,3.58,12.21
58.37,3.63,9.68
58.37,3.73,12.18
58.37,3.93,11.82
58.37,3.98,5.81
58.37,4.02,10.33
58.38,-1.58,10.42
58.38,-1.57,7.7
58.38,-1.5598,13.8
58.38,-1.5498,12.2
58.38,-1,10.565
58.38,-0.93,15.2
58.38,-0.92,8.45
58.38,-0.9,10.63333333
58.38,-0.85,8.44
58.38,1.17,7.41
58.38,1.23,8.87
58.38,1.38,13.72
58.38,1.43,9.68
58.38,3.4,9.69
58.38,3.41,11.16
58.38,3.42,14.8
58.38,3.43,10.1
58.38,3.44,10.94
58.38,3.47,13.1
58.38,3.48,14.34666667
58.38,3.5,12.19
58.38,3.52,13.5475
58.38,3.6,17
58.38,3.62,11.54
58.38,3.72,9.35
58.38,3.83,17.59
58.38,3.92,5.89
58.3898,-1.5598,10.27
58.3898,-1.5498,9.633333333
58.3898,-1.5298,10.9175
58.3898,3.4,9.9
58.3898,3.41,10.7
58.3898,3.42,8.545
58.3898,3.43,9.74
58.3898,3.45,10.7
58.3898,3.46,11.4
58.3898,3.5398,13.1
58.4,-1.5598,8.89
58.4,-1.5498,7.3
58.4,-1.5298,9.9
58.4,-1.03,8.7
58.4,-0.98,9.255953445
58.4,-0.85,7.43
58.4,-0.83,13.04
58.4,1.25,13.06
58.4,2.75,9.86
58.4,3.38,7.66
58.4,3.43,14.75
58.4,3.46,14.72
58.4,3.48,12.785
58.4,3.49,9.26
58.4,3.5,8.953333333
58.4,3.5098,14.8
58.4,3.5198,13.35
58.4,3.5298,13.2
58.4,3.5698,13.2
58.4,3.65,8.68
58.4,3.75,17.79
58.4,3.77,4.84
58.4098,-1.58,10.19
58.4098,-1.5598,8.26
58.4098,-1.5498,13.6
58.4098,-1.5398,11.17333333
58.4098,-1.5198,11.7
58.4098,3.5298,9.9
58.4098,3.5498,14.22
58.4098,3.5598,8.9
58.4098,3.5698,18
58.4098,3.5798,14.47
58.4098,3.5998,14.48
58.4098,3.6098,8.69
58.4098,3.6198,8.73
58.4098,3.8698,8.67
58.4198,-1.5498,8.6
58.4198,-1.5398,7.52
58.4198,3.0398,13.3
58.4198,3.5698,10.9
58.4198,3.5998,8.3
58.4198,3.6198,10.9
58.42,-1.23,13.4
58.42,-1.18,13.21
58.42,-1.12,8.44
58.42,-1.08,7.48
58.42,0.97,7.46
58.42,0.98,8.76
58.42,3.22,9.86
58.42,3.27,14.48
58.42,3.28,9.07
58.42,3.3,12.96
58.42,3.37,12.415
58.42,3.42,14.975
58.42,3.47,10.285
58.42,3.62,9.17
58.42,3.63,4.89
58.42,4.22,11.07190689
58.42,4.23,11.37333333
58.43,-1.5498,16.97
58.43,-1.5398,7.2
58.43,-1.42,7.61
58.43,-1.37,14.5
58.43,-1.28,14.75
58.43,-1.27,15.02
58.43,-0.98,13.2
58.43,0.83,13
58.43,0.98,13.75
58.43,3.15,9.86
58.43,3.17,9.52
58.43,3.18,12.155
58.43,3.22,11.8
58.43,3.23,12.52
58.43,3.25,12.33
58.43,3.28,14.73
58.43,3.3,9.91
58.43,3.32,9.49
58.43,3.33,18.39
58.43,3.48,9.32
58.43,3.5,17.56
58.43,3.52,8.2
58.43,3.58,11.22
58.43,3.5898,10
58.43,3.6098,5.65
58.43,3.64,12.55
58.43,4.17,8.8
58.43,4.18,16.265
58.43,4.22,16.63
58.4398,-1.5498,13.67
58.4398,-1.5398,7.46
58.4398,-1.5298,12.12
58.4398,2.67,10.6
58.4398,2.69,10.2
58.4398,3.63,10.1
58.4398,3.66,6.5
58.4398,3.68,11.53333333
58.4398,3.69,15.805
58.4398,3.72,13.3
58.45,-1.5398,13.86
58.45,-1.5298,8.9
58.45,-1.48,9.9925
58.45,-1.47,11.53
58.45,-1.35,13.785
58.45,-1.18,7.72
58.45,-1.17,12.96
58.45,-1.15,12.99
58.45,-0.91,12.96
58.45,3.08,10.4
58.45,3.17,12.82
58.45,3.23,12.405
58.45,3.27,9.6
58.45,3.43,11.46
58.45,3.47,11.07190689
58.45,3.48,9.91
58.45,3.71,9.91
58.45,3.73,11
58.45,3.7898,11
58.45,3.7998,8.82
58.45,3.8098,8.84
58.45,4.08,8.74
58.45,4.13,17.29
58.4598,-1.5498,16.42
58.4598,-1.5398,13.6
58.4598,-1.5298,7.46
58.4598,-0.9,8.79
58.4598,2.8198,10.4
58.4598,3.72,9.8
58.4598,3.73,9.2
58.4598,3.7598,9.1
58.4598,3.7698,10.6
58.4598,3.7798,12.5
58.47,-1.58,11.895
58.47,-1.57,8.32
58.47,-1.5598,8.33
58.47,-1.55,8.3
58.47,-1.5498,12.96
58.47,-1.5398,9.25
58.47,-1.5298,13.6
58.47,-1.5198,8.4
58.47,-1.5098,14.9
58.47,-1.32,8.8
58.47,-1.25,12.89
58.47,0.5,12.98
58.47,2.42,8.81
58.47,3.02,7.66
58.47,3.03,10.59
58.47,3.05,11.12333333
58.47,3.07,14.71
58.47,3.08,14.7
58.47,3.13,11.72
58.47,3.17,9.46
58.47,3.35,9.44
58.47,3.43,17.58
58.47,3.45,9.895
58.47,3.7698,9.91
58.47,3.7798,5.7
58.47,3.7998,12.55
58.47,3.8098,12.95
58.47,3.8198,13.2
58.47,3.89,14.57
58.47,4.02,8.48
58.47,4.03,14.14666667
58.47,4.07,12.46
58.4798,-1.5498,18.39
58.4798,-1.5298,10.8
58.4798,3.7898,12.5
58.4798,3.8298,10.2
58.4798,3.8398,17.98
58.4798,3.8498,15.55
58.4798,3.8698,11.9
58.48,-1.58,8.7
58.48,-1.48,8.32
58.48,-1.43,12.76
58.48,0.42,12.79
58.48,2.82,8.79
58.48,2.92,8.85
58.48,2.93,12.19
58.48,2.95,12.49
58.48,2.98,9.42
58.48,3,14.8
58.48,3.02,11.92
58.48,3.05,9.44
58.48,3.1,17.87
58.48,3.12,11.83
58.48,3.13,10.745
58.48,3.25,12.12
58.48,3.93,17.41
58.48,3.97,8.77
58.48,3.98,16.745
58.48,4,13.55333333
58.48,4.02,18.28
58.48,4.22,18.32
58.48,4.23,10.8
58.49,-1.5498,11.55
58.49,-1.5298,7.7
58.49,-1.5198,7.2
58.49,-1.5098,13.5
58.49,2.94,8.8
58.49,3.38,9.9
58.49,3.8498,13.5
58.49,3.8698,8.9
58.49,3.88,10.4
58.49,3.89,13.2
58.49,3.91,14.66
58.49,3.95,9.833333333
58.5,-1.5198,8.08
58.5,-1.48,9.433333333
58.5,0.18,10.03
58.5,0.28,8.75
58.5,0.3,8.75
58.5,2.8,13.67
58.5,2.83,8.81
58.5,2.88,12.59
58.5,2.99,12.62
58.5,3.18,9.9
58.5,3.27,17.13
58.5,3.88,6.36
58.5,3.9,13.34
58.5,3.93,11.74
58.5,3.94,11.1
58.5,3.95,11.4
58.5,3.96,12.55
58.5,3.98,11.3
58.5,4.17,14.72
58.5,4.22,13.94
58.5098,-1.5498,9.26
58.5098,-1.5398,8.27
58.5098,-1.5198,10.8
58.5098,-1.5098,7.8
58.5098,3.94,8.67
58.5098,3.96,9.2
58.5098,3.99,7.6
58.5098,4.2398,12.995
58.52,-1.5398,8.9
58.52,-1.5298,10.8
58.52,-1.5198,13.7
58.52,0.13,11.32666667
58.52,0.15,13.53
58.52,2.65,13.54
58.52,2.73,8.97
58.52,2.77,9.01
58.52,2.78,14.98
58.52,2.8,14.97
58.52,2.82,14.845
58.52,2.83,13.095
58.52,2.93,13.29666667
58.52,2.98,9.69
58.52,3.08,11.765
58.52,3.17,11.99666667
58.52,3.78,8.035
58.52,3.82,8.46
58.52,3.87,10.39
58.52,4,18.5
58.52,4.01,14.7
58.52,4.0198,5.3
58.52,4.0398,8.9
58.52,4.05,18.75
58.52,4.12,9.7
58.52,4.13,10.2
58.52,4.17,12.45333333
58.52,4.25,13.94
58.5298,-1.5198,8.8
58.5298,-1.5098,10.7
58.5298,-1.5,11.8
58.5298,4.0198,12.7
58.5298,4.03,5.7
58.5298,4.0398,5.26
58.5298,4.05,14.7
58.5298,4.07,9.5
58.5298,4.0798,11.7
58.5298,4.09,9.7
58.53,-0.33,9.7
58.53,-0.25,8.89
58.53,-0.03,8.36
58.53,2.13,13.41
58.53,2.15,7.72
58.53,2.18,7.72
58.53,2.53,7.71
58.53,2.7,14.55
58.53,2.72,15.01
58.53,2.73,12.19666667
58.53,2.77,14.99
58.53,2.78,17.28
58.53,2.87,10.04
58.53,3.03,11.79
58.53,3.07,11.07190689
58.53,3.72,11.07190689
58.53,3.73,11.89
58.53,3.75,10.24666667
58.53,3.77,8.56
58.53,3.78,15.695
58.53,3.98,16.68
58.53,4,13.07
58.53,4.02,11.705
58.53,4.03,10.36
58.53,4.05,9.823333333
58.53,4.08,6.34
58.54,-1.5098,6.33
58.54,-1.49,10.196
58.54,-1.48,8.8
58.54,2.15,10
58.54,3.22,9.5
58.54,3.24,9.9
58.54,4.0798,9.9
58.54,4.09,11.71
58.54,4.0998,11.8
58.54,4.11,10.8
58.54,4.1198,11.8
58.5498,-1.5398,10.8
58.5498,-1.5098,8.26
58.5498,-1.49,9.355
58.5498,4.13,8.8
58.5498,4.1398,7.8
58.5498,4.15,16.3
58.55,-0.62,12.15
58.55,-0.17,8.75
58.55,-0.15,13.37
58.55,2.6,13.38
58.55,2.63,15.06
58.55,2.73,15.05
58.55,2.8,10.125
58.55,2.87,11.81
58.55,2.97,17.46
58.55,3.63,11.07190689
58.55,3.67,11.58
58.55,3.68,17.39
58.55,3.93,16.6
58.55,3.98,10.33
58.56,-1.5098,8.43
58.56,-1.5,9.69
58.56,-1.47,12.01
58.56,3.5598,10.04
58.56,4.1598,13.2
58.56,4.17,5.83
58.56,4.19,11.07
58.56,4.1998,14.85
58.56,4.23,12.5
58.56,4.2398,14.83
58.5698,-1.5,14.7
58.5698,-1.49,10.275
58.5698,4.21,8.7
58.5698,4.2198,8.225
58.5698,4.23,10.86
58.5698,4.2398,9
58.57,-1.12,19.04
58.57,-0.92,9.6
58.57,-0.82,12.92
58.57,-0.67,13.19
58.57,2.52,8.76
58.57,2.53,12.46
58.57,2.57,12.3
58.57,2.58,15.05
58.57,2.62,16.83
58.57,2.63,16.89
58.57,2.72,10.05
58.57,2.8,10.16
58.57,2.82,17.49
58.57,2.83,4.56
58.57,2.85,7.07
58.57,2.87,9.36
58.57,2.88,11.07190689
58.57,3.57,9.36
58.57,3.58,13.555
58.57,3.6,18.74
58.57,3.62,12.5
58.57,3.63,15.04
58.57,3.65,12.10666667
58.57,3.67,14.89666667
58.57,3.83,14.59
58.57,3.85,11.05666667
58.57,3.87,10.89333333
58.57,3.88,13.65
58.57,3.92,11.31
58.58,-1.5198,9.2
58.58,-1.5098,10.9
58.58,-1.5,7.3
58.58,-1.22,8.53
58.58,-1.2,9.63
58.58,-1.15,12.3
58.58,-1.13,9.6
58.58,-1.1,9.6
58.58,-1.07,12.59
58.58,-0.67,12.57
58.58,-0.57,13.08
58.58,1.92,13.17
58.58,2.27,7.74
58.58,2.32,14.57
58.58,2.33,14.59
58.58,2.42,8.8
58.58,2.43,12.19
58.58,2.47,15.02
58.58,2.53,13.67
58.58,2.55,13.565
58.58,2.58,10.22
58.58,2.65,10.15
58.58,2.73,11.69
58.58,3.47,8.355
58.58,3.48,11.545
58.58,3.5,11.98
58.58,3.52,11.69
58.58,3.53,14.635
58.58,3.55,14.02666667
58.58,3.58,15.62
58.58,3.72,15.47
58.58,3.73,10.345
58.58,3.77,11.83
58.58,3.78,10.29
58.58,3.8,10.96666667
58.58,3.82,13.31
58.58,3.83,13.25
58.58,3.87,12.14666667
58.58,3.88,9.16
58.58,4.25,9.2
58.59,-1.5098,8.7
58.59,-1.49,14
58.5998,-1.5298,12.89
58.5998,-1.5,8.8
58.5998,-1.49,10.38333333
58.5998,-1.48,10.55
58.5998,4.0798,8.7
58.6,-1.43,11.4
58.6,-1.4,9.87
58.6,-1.33,12.34
58.6,-1.28,9.82
58.6,-1.23,8.91
58.6,1.83,8.91
58.6,2.33,7.75
58.6,2.37,11.97
58.6,2.42,8.92
58.6,2.43,14.5225
58.6,2.58,16.88
58.6,2.6,11.69
58.6,2.63,4.62
58.6,2.67,6.985
58.6,2.68,9.34
58.6,3.4,17.51
58.6,3.42,11.94
58.6,3.43,14.37
58.6,3.53,11.08
58.6,3.68,15.25
58.6,3.7,13.41
58.6,3.72,14.12
58.6,3.75,9.18
58.61,-1.5098,9.2
58.61,-1.49,9.3
58.61,-1.47,13.6
58.6198,-1.49,8.7
58.6198,-1.48,9.28
58.6198,3.8198,9.55
58.62,-1.5,10.2
58.62,1.72,11.95
58.62,1.77,7.77
58.62,2.23,7.76
58.62,2.27,14.97
58.62,2.3,12.37
58.62,2.32,14.99
58.62,2.35,11.97
58.62,2.37,12.2
58.62,2.4,9.94
58.62,2.43,16.91
58.62,2.48,10.33
58.62,2.52,4.63
58.62,2.57,11.63
58.62,2.63,8.4
58.62,3.35,7.48
58.62,3.37,9.646666667
58.62,3.38,8.75
58.62,3.4,17.55
58.62,3.42,15.42
58.62,3.48,18.32
58.62,3.57,15.16
58.62,3.58,9.32
58.62,3.62,9.85
58.62,3.63,14.21
58.62,3.65,14.2
58.62,3.67,12.26
58.62,3.72,9.71
58.62,4.15,9.47
58.63,-1.5098,8.04
58.63,-1.5,8.8
58.63,-1.49,9.3
58.63,-1.48,7.3
58.63,-1.47,13.6
58.63,2.18,13
58.63,2.27,12.3
58.63,2.28,12.02
58.63,2.3,9.94
58.63,2.33,16.9
58.63,2.37,9.88
58.63,2.42,11.83
58.63,2.47,4.6
58.63,2.48,9.283968964
58.63,2.5,7.51
58.63,3.27,17.5
58.63,3.28,16.74
58.63,3.3,13.57
58.63,3.32,13.91
58.63,3.33,17.68
58.63,3.37,14.68
58.63,3.5,15.67
58.63,3.52,11.25
58.63,3.53,13.18
58.63,3.57,12.19
58.63,3.63,12.43333333
58.6398,-1.48,9.79
58.6398,3.7698,7.8
58.65,-1.46,13.2
58.65,1.87,8.76
58.65,2.1,14.88
58.65,2.12,8.91
58.65,2.13,8.87
58.65,2.17,13.18666667
58.65,2.22,14.665
58.65,2.25,9.9
58.65,2.3,10.04
58.65,2.32,4.59
58.65,2.33,11.86
58.65,2.35,11.86
58.65,2.38,11.85
58.65,3.18,11.07190689
58.65,3.22,11.21
58.65,3.23,12.69
58.65,3.27,16.78
58.65,3.42,15.73
58.65,3.47,10.41
58.65,3.48,11.21
58.65,3.52,11.705
58.6598,-1.5,10.21
58.6598,-1.48,10.9
58.6698,-1.47,8.305
58.6698,-1.46,10.54
58.67,1.73,10.9
58.67,2.02,14.79
58.67,2.03,9.1
58.67,2.07,10.655
58.67,2.08,12.975
58.67,2.12,12.18
58.67,2.13,9.82
58.67,2.15,12.13
58.67,2.17,9.7
58.67,2.18,9.675
58.67,2.27,4.57
58.67,2.32,9.26
58.67,3.07,9.28
58.67,3.12,11.88
58.67,3.13,13.702
58.67,3.17,13.8425
58.67,3.18,8.61
58.67,3.2,16.47
58.67,3.22,8.54
58.67,3.33,16.08
58.67,3.42,9.76
58.67,3.47,9.24
58.68,-1.5,10.28
58.68,-1.48,8.24
58.68,1.4,7.7
58.68,1.7,7.84
58.68,1.93,14.77
58.68,1.97,12.28
58.68,1.98,12.285
58.68,2.03,10.66666667
58.68,2.13,11.765
58.68,2.17,9.28
58.68,2.18,9.27
58.68,2.2,17.36
58.68,2.22,9.330953445
58.68,2.23,10.17595345
58.68,2.92,17.38
58.68,2.95,11.42
58.68,2.98,11.53
58.68,3.03,11.13
58.68,3.07,13.77
58.68,3.08,14.63
58.68,3.12,14.2575
58.68,3.25,16.56
58.68,3.27,13.39
58.68,3.3,9.865
58.68,3.32,9.796666667
58.68,3.33,13.98
58.68,3.35,12.01
58.68,3.38,7.69
58.68,3.45,7.66
58.68,3.92,7.83
58.68,4.21,8.04
58.6898,-1.47,10.5
58.6898,-1.46,9.55
58.6898,-0.7598,11.38
58.7,-1.48,10.1
58.7,-1.47,7.8
58.7,-1.46,10.76
58.7,-1.45,13.4
58.7,1.35,8.8
58.7,1.87,7.85
58.7,1.9,12.27
58.7,2.07,8.92
58.7,2.08,10.59
58.7,2.1,9.27
58.7,2.13,9.27
58.7,2.15,7.595
58.7,2.17,11.07190689
58.7,2.49,11.07190689
58.7,2.83,9.6
58.7,2.85,11.44
58.7,2.9,11.48
58.7,2.97,11.41
58.7,2.98,11.11
58.7,3.03,12.08
58.7,3.22,15.99
58.7,3.23,14.13
58.7098,-1.48,14.14
58.7098,-1.47,11.35
58.7098,-1.46,7.6
58.7098,-1.45,10.55
58.72,-1.47,13.1
58.72,1.32,13.3
58.72,1.8,7.87
58.72,1.82,12.04
58.72,1.85,14.94666667
58.72,1.87,17.08
58.72,1.93,17.07
58.72,1.98,4.58
58.72,2.02,11.47095345
58.72,2.75,9.3
58.72,2.78,11.32
58.72,2.88,11.49
58.72,2.9,11.24
58.72,2.91,14.79333333
58.72,2.92,9.3
58.72,2.93,14.06666667
58.72,2.95,14.9525
58.72,2.97,16.26
58.72,2.98,13.93
58.72,3.07,12.15
58.72,3.1,10.1
58.72,3.13,9.493333333
58.72,3.18,13.49
58.72,3.78,14.16
58.72,3.82,8.17
58.72,3.85,8.11
58.7298,-0.74,8.05
58.73,1.72,10
58.73,1.78,12.04
58.73,1.82,10.57
58.73,1.87,9.78
58.73,1.88,8.546666667
58.73,1.9,8.465
58.73,1.92,14.96
58.73,1.93,4.59
58.73,2.82,9.725
58.73,2.83,15.9
58.73,2.85,14.415
58.73,2.87,15.91
58.73,2.88,15.3425
58.73,2.97,13.76666667
58.73,3.05,9.9
58.73,3.07,10.06
58.73,3.08,10.265
58.73,3.1,9.67
58.73,3.12,9.08
58.73,3.73,7.8
58.73,3.78,8.2
58.74,-1.47,8.19
58.74,-1.46,8.8
58.74,-1.45,10.79
58.74,-1.4198,13
58.75,-1.47,11.61
58.75,-1.46,7.8
58.75,-1.44,7.69
58.75,-1.4298,8.9
58.75,-1.4198,8.76
58.75,1.62,10.1
58.75,1.67,12.11
58.75,1.68,17.015
58.75,1.77,12.845
58.75,1.82,9.75
58.75,1.83,17.23
58.75,2.53,14.63333333
58.75,2.55,11.18
58.75,2.77,11.17
58.75,2.8,12.955
58.75,2.82,15.92
58.75,2.92,8.76
58.75,2.98,9.84
58.75,3.02,13.69
58.75,3.67,9.08
58.75,3.7,8.15
58.7598,-1.46,8.14
58.7598,-1.4098,7.2
58.7598,3.74,10.1
58.77,-1.46,9.3
58.77,-1.45,7.32
58.77,1.57,9.245
58.77,1.58,17.03
58.77,1.65,11.94
58.77,1.7,4.57
58.77,1.73,4.58
58.77,1.75,9.44
58.77,1.77,7.57
58.77,1.78,15.1
58.77,1.8,15.08
58.77,1.82,15.07
58.77,2.68,11.305
58.77,2.72,15.1675
58.77,2.73,12.63
58.77,2.77,8.76
58.77,2.87,8.78
58.77,2.92,9.09
58.77,2.93,13.87
58.77,2.95,11.65
58.77,2.97,13.65
58.77,3.03,14.05333333
58.77,3.57,7.31
58.7798,-1.45,8.21
58.7798,-1.44,8.8
58.7798,-1.4298,10.85
58.7798,4.1198,10.95
58.78,1.23,9.8
58.78,1.42,14.5
58.78,1.43,12.04
58.78,1.48,12.02
58.78,1.5,10.14333333
58.78,1.52,11.89
58.78,1.53,9.18
58.78,1.57,16.96
58.78,1.58,9.15
58.78,1.62,10.33
58.78,1.63,12.24
58.78,1.65,9.320953445
58.78,1.67,10.27095345
58.78,1.68,11.63
58.78,1.72,15.08
58.78,2.4,7.56
58.78,2.42,11.15
58.78,2.6,11.21
58.78,2.62,16.62
58.78,2.63,11.41
58.78,2.67,14.75
58.78,2.68,16.31
58.78,2.72,8.78
58.78,2.87,9.85
58.78,2.9,14.18
58.78,3.53,10.17
58.79,-1.44,8.15
58.79,-1.4298,13.3
58.79,-1.4198,13
58.7998,-1.45,8.76
58.7998,-1.44,13.8
58.7998,3.41,10.715
58.8,1.38,11.3
58.8,1.4,12.05
58.8,1.42,12.04
58.8,1.43,8.89
58.8,1.45,9.15
58.8,1.53,8.71
58.8,1.57,13.24
58.8,1.67,16.86
58.8,2.53,15.06
58.8,2.55,16.53
58.8,2.73,12.235
58.8,2.78,9.17
58.81,-1.45,9.99
58.81,-1.44,14
58.81,-1.4298,8.8
58.81,-1.3898,12.055
58.8198,-1.45,11.62
58.8198,-1.44,7.8
58.8198,-1.4298,11.58
58.8198,3.46,12.485
58.82,1.22,11.3
58.82,1.27,10.91
58.82,1.32,10.84
58.82,1.33,12.08
58.82,1.37,12.09
58.82,1.38,9.13
58.82,1.4,13.12
58.82,1.42,16.2
58.82,1.43,10.28
58.82,1.45,9.54
58.82,1.48,4.53
58.82,1.52,13.25
58.82,1.58,14.89
58.82,1.62,14.91
58.82,2.43,14.94
58.82,2.45,16.57
58.82,2.47,16.32
58.82,2.48,14.6
58.82,2.52,13.275
58.82,2.53,12.06
58.82,2.55,14.65
58.82,2.63,9.83
58.82,2.65,9.21
58.82,2.67,9.44
58.82,2.68,13.71
58.82,2.72,8.64
58.82,2.73,9.87
58.82,3.32,11.92
58.83,-1.4298,8.11
58.83,-1.3798,12.65
58.83,0.87,11.66
58.83,1.03,7.87
58.83,1.23,14.62
58.83,1.25,11.965
58.83,1.27,11.99
58.83,1.28,10.79
58.83,1.32,9.85
58.83,1.4,13.14
58.83,2.12,11.59
58.83,2.13,10.88
58.83,2.18,10.85
58.83,2.22,10.84
58.83,2.27,10.77
58.83,2.28,16.32
58.83,2.37,16.32
58.83,2.38,16.69
58.83,2.42,8.83
58.83,2.5,8.81
58.83,2.52,9.79
58.83,2.53,16.34
58.83,2.55,16.33
58.83,2.58,9.2
58.83,2.6,9.87
58.83,2.62,10.48333333
58.83,2.63,11.78
58.83,2.68,9.88
58.83,3.27,16.26
58.83,3.49,8.1
58.83,4.22,11.3
58.83,4.25,5.04
58.84,-1.44,6.495
58.84,-1.4298,12
58.84,-1.4198,9.043333333
58.84,-1.3998,13.45
58.84,-1.3898,8.77
58.84,-1.37,9.9
58.84,-0.69,11.6
58.84,3.5098,10.1
58.8498,-1.4298,11.4
58.8498,-1.4198,9.936666667
58.85,0.82,12.78
58.85,1.13,7.87
58.85,1.15,16.67
58.85,1.17,16.69
58.85,1.18,16.54
58.85,1.2,16.555
58.85,1.23,16.21
58.85,1.25,10.63
58.85,1.28,16.73
58.85,1.38,10.16
58.85,2.1,14.89
58.85,2.12,10.88
58.85,2.32,10.89
58.85,2.33,16.76
58.85,2.37,15.48
58.85,2.42,10.72
58.85,2.43,9.73
58.85,2.48,9.76
58.85,2.5,8.923333333
58.85,2.53,9.43
58.85,2.55,14.17
58.85,4.23,9.84
58.86,-1.4298,6.41
58.86,-1.3798,10.3
58.8698,-1.4198,10.1
58.8698,-1.3898,9.7475
58.87,0.72,8.74
58.87,0.97,7.89
58.87,1.07,10.73
58.87,1.08,9.08
58.87,1.1,14.335
58.87,1.12,12.72333333
58.87,1.17,9.58
58.87,1.18,7.62
58.87,1.2,10.835
58.87,1.22,7.61
58.87,1.27,11.24
58.87,1.3,11.71
58.87,2.02,14.9
58.87,2.08,10.775
58.87,2.23,10.85
58.87,2.28,8.84
58.87,2.32,8.83
58.87,2.33,9.73
58.87,2.35,10.21
58.87,2.45,9.73
58.87,2.48,9.24
58.87,2.52,10.67
58.87,4.18,13.49
58.87,4.22,5.07
58.88,-1.4298,4.91
58.88,-1.4198,7.7
58.88,-1.3998,9.95
58.88,-1.3898,9
58.88,0.67,10.29
58.88,0.88,7.91
58.88,0.92,12.02
58.88,0.93,16.66
58.88,0.97,12.05
58.88,1.02,14.185
58.88,1.03,14.72
58.88,1.05,9.615
58.88,1.07,11.98
58.88,1.08,7.63
58.88,1.12,9.59
58.88,2.03,7.62
58.88,2.13,16.34
58.88,2.18,16.67
58.88,2.22,12.76
58.88,2.23,8.84
58.88,2.37,10.16
58.88,2.38,9.59
58.88,2.4,9.43
58.88,2.43,13.515
58.88,3.05,13.11
58.88,4.12,7.96
58.88,4.15,5.06
58.8898,-1.4298,8.04
58.8898,-1.4098,10.7
58.8898,-1.37,7.08
58.9,-1.4198,10.2
58.9,-1.4098,12.9
58.9,0.07,12.12
58.9,0.77,6.8
58.9,0.78,14.46
58.9,0.82,11.9
58.9,0.88,11.95
58.9,0.92,9.89
58.9,0.95,11.68
58.9,1.08,9.61
58.9,1.9,14.86
58.9,2.08,10.77
58.9,2.28,16.7
58.9,2.3,14.21
58.9,2.33,13.07
58.9,2.92,11.78
58.9,4.12,8.05
58.9098,-1.4298,7.19
58.9098,-1.4198,8.1
58.9098,-1.3798,7.8
58.9098,-1.34,8.73
58.9198,-1.4098,11.63
58.9198,-0.6798,13.83
58.9198,3.72,9.9
58.92,0.53,11.5
58.92,0.73,7.93
58.92,0.77,16.47
58.92,0.85,9.27
58.92,0.87,13.89
58.92,1.02,8.08
58.92,1.9,14.735
58.92,1.98,16.3
58.92,2.03,15.475
58.92,2.05,16.63
58.92,2.08,14.35
58.92,2.13,10.43
58.92,2.17,9.7
58.92,2.87,10.47
58.92,4.03,8.11
58.92,4.07,12.44
58.92,4.08,5.27
58.93,-1.57,6.413333333
58.93,-1.4098,8.45
58.93,-1.3998,7.61
58.93,-1.37,10.815
58.93,-1.34,8.73
58.93,0.63,11.62
58.93,0.65,10.38
58.93,0.67,16.4
58.93,0.73,16.47
58.93,0.78,10.655
58.93,0.82,16.11
58.93,0.83,16.12
58.93,0.88,14.74
58.93,0.9,14.74
58.93,1.75,14.71
58.93,1.78,10.73
58.93,1.82,10.76
58.93,1.83,13.515
58.93,1.88,16.28
58.93,1.9,14.4
58.93,1.92,13.6
58.93,1.97,16.81
58.93,1.98,8.77
58.93,2,10.53
58.93,2.03,10.52
58.93,2.05,10.47
58.93,2.07,10.44
58.93,2.12,9.7
58.93,2.15,11.665
58.93,2.17,7.47
58.93,2.18,13.02
58.93,2.28,7.51
58.9398,-1.3898,9.2
58.9398,-1.33,8.1
58.95,-1.4098,11.61
58.95,-1.33,11.5
58.95,0.53,11.62
58.95,0.55,8.7
58.95,0.57,8.73
58.95,0.6,14.18
58.95,0.63,12.66
58.95,0.68,9.17
58.95,0.75,16.03
58.95,0.77,4.47
58.95,0.82,14.74
58.95,1.7,11.64
58.95,1.85,10.73
58.95,1.87,14.41
58.95,1.95,14.4
58.95,2.08,10.61
58.95,2.1,9.41
58.95,2.12,9.41
58.95,2.22,7.42
58.95,3.98,9.18
58.95,4.02,7.01
58.9598,3.8198,5.6
58.97,-1.3998,11.4
58.97,-1.3898,7.2
58.97,-1.36,9.7
58.97,-1.32,8.76
58.97,0.27,11.53
58.97,0.32,7.975
58.97,0.33,7.96
58.97,0.42,7.95
58.97,0.47,12.08
58.97,0.52,14.185
58.97,0.53,12.855
58.97,0.58,11.27
58.97,0.62,9.15
58.97,0.63,7.08
58.97,0.67,14.77
58.97,0.68,7.6
58.97,0.75,14.8
58.97,1.67,11.73
58.97,1.68,10.7
58.97,1.72,10.72
58.97,1.77,16.18
58.97,1.8,14.42
58.97,1.82,10.62
58.97,1.83,11.565
58.97,1.87,15.555
58.97,1.88,9.685
58.97,1.9,10.645
58.97,1.92,15.44
58.97,1.97,8.03
58.97,1.98,14.155
58.97,2,14.07
58.97,2.02,14.14
58.97,2.05,13.54
58.97,2.13,14.12
58.97,2.15,9.21
58.97,2.17,9.21
58.97,2.22,9.69
58.97,3.93,9.18
58.97,3.95,7.13
58.9798,-1.3898,7.24
58.9798,-1.37,12.23333333
58.98,0.18,9.1
58.98,0.32,8
58.98,0.33,9.24
58.98,0.37,9.23
58.98,0.38,10.05666667
58.98,0.4,16.38
58.98,0.42,13.51
58.98,0.43,11.07
58.98,0.48,12.885
58.98,0.53,4.5
58.98,0.58,14.87
58.98,0.65,14.755
58.98,1.58,8.91
58.98,1.68,10.635
58.98,1.7,10.61
58.98,1.72,14.43
58.98,1.73,11.875
58.98,1.75,10.63
58.98,1.77,10.63
58.98,1.83,9.705
58.98,1.87,9.65
58.98,1.88,15.5
58.98,1.92,13.97
58.98,1.93,7.36
58.98,1.95,14.16
58.98,1.98,9.35
58.98,2.02,9.7
58.98,2.05,9.69
58.98,3.87,9.69
58.98,3.92,12.47
58.98,4,5.18
58.98,4.03,13.17
58.98,4.1,13.07
58.98,4.18,13
58.99,-1.4098,13.44
58.99,-1.3998,8.23
58.99,-1.3898,10.8
58.99,-1.3798,10.155
58.99,-1.36,10.85
58.99,-0.6298,10.36
58.99,3.9,9.8
59,-1.3998,11.4
59,-1.3898,10.7
59,-1.3798,12.1
59,-1.37,13.8
59,-1.35,8.9
59,0.2,8.79
59,0.23,8.89
59,0.3,11.895
59,0.32,11.61
59,0.33,10.67
59,0.35,9.06
59,0.37,14.77
59,0.38,12.89
59,0.4,11.995
59,0.45,11.72333333
59,0.48,15.91
59,1.63,7.64
59,1.67,14.43
59,1.72,8.75
59,1.75,15.45
59,1.8,9.62
59,1.82,12.99
59,1.83,15.45
59,1.85,13.97
59,1.93,14.04
59,3.88,9.7
59,4,13.11
59.0098,-1.3898,10.88
59.02,-1.3898,7.39
59.02,-1.3798,12.7
59.02,-1.37,7.2
59.02,-1.35,12.9
59.02,-1.2998,10.66
59.02,-0.6,11.46
59.02,0.17,9.8
59.02,0.22,11.8
59.02,0.23,12.44
59.02,0.25,10.72
59.02,0.27,9.22
59.02,0.28,9.07
59.02,0.3,11.6
59.02,0.38,9.56
59.02,1.47,7.62
59.02,1.52,16.12
59.02,1.53,16.13
59.02,1.57,10.57
59.02,1.58,12.98
59.02,1.6,13.69
59.02,1.63,13.635
59.02,1.65,15.59
59.02,1.67,9.57
59.02,1.68,15.53
59.02,1.7,9.61
59.02,1.73,15.46
59.02,1.8,10.94
59.02,1.87,7.655
59.02,1.88,9.7
59.02,1.93,9.24
59.02,1.97,9.19
59.02,2.38,9.19
59.02,3.48,8.12
59.02,3.53,13.32
59.02,3.55,13.39
59.02,3.62,13.27
59.02,3.63,13.2
59.02,3.82,13.19
59.02,3.83,13.29
59.02,3.88,7.305
59.0298,-1.37,7.48
59.0298,-1.36,11.6
59.0298,-1.33,8.9
59.0298,-0.5898,10.1
59.03,-0.07,9.7
59.03,-0.02,8.05
59.03,0,11.71
59.03,0.05,8.72
59.03,0.08,9.41
59.03,0.1,9.42
59.03,0.12,10.76
59.03,0.13,10.95666667
59.03,0.17,9.88
59.03,0.2,16.26
59.03,0.22,9.59
59.03,0.27,16.51
59.03,1,8.9
59.03,1.38,8.93
59.03,1.42,16.06
59.03,1.47,13.04
59.03,1.48,12.72
59.03,1.53,15.47
59.03,1.57,16.51
59.03,1.58,9.57
59.03,1.62,9.56
59.03,1.63,11.315
59.03,1.65,8.07
59.03,1.68,7.68
59.03,1.7,5.65
59.03,1.73,10.83
59.03,1.77,13.84
59.03,1.8,9.22
59.03,3.17,9.25
59.03,3.32,13.275
59.03,3.78,13.35
59.03,4.22,5.85
59.0498,-1.3798,11.51
59.0498,-1.37,7.8
59.0498,-0.49,12.275
59.05,-0.07,9.7
59.05,-0.02,11.67
59.05,0.02,9.37
59.05,0.08,9.38
59.05,0.1,16.05
59.05,0.15,13.84
59.05,0.17,4.19
59.05,0.18,9.55
59.05,0.2,15.69
59.05,1.07,7.61
59.05,1.33,9.11
59.05,1.38,10.67
59.05,1.42,10.43
59.05,1.43,14.33
59.05,1.52,16.57
59.05,1.62,13.18
59.05,1.63,14.12
59.05,1.67,5.66
59.05,1.72,9.67
59.05,1.73,9.23
59.05,3.73,9.22
59.05,3.77,5.92
59.06,-1.3798,5.545
59.06,-1.37,7.8
59.06,-1.35,7.42
59.0698,-1.37,8.95
59.0698,-1.34,7.65
59.07,-0.32,10.36
59.07,-0.13,8.06
59.07,-0.12,10.26
59.07,-0.1,11.57
59.07,-0.08,11.59
59.07,-0.05,10.62
59.07,0.02,16.09
59.07,0.03,12.24333333
59.07,0.07,13.545
59.07,0.08,7.63
59.07,0.1,6.595
59.07,0.12,4.2
59.07,1.23,7.62
59.07,1.27,10.72
59.07,1.28,13.35
59.07,1.32,10.71
59.07,1.33,16.175
59.07,1.37,14.29
59.07,1.4,16.36
59.07,1.42,8.81
59.07,1.48,9.54
59.07,1.53,13.15
59.07,1.57,11.48
59.07,1.62,9.63
59.07,1.63,9.2
59.07,1.67,9.2
59.07,2.73,13.86
59.07,2.78,13.24
59.07,2.82,13.36
59.07,2.9,13.35
59.07,3.7,13.18
59.07,3.77,5.9
59.07,4.13,5.56
59.08,-1.5,11.49
59.08,-1.3798,8.48
59.08,-1.37,8.35
59.08,-1.36,7.42
59.08,-0.17,11.99
59.08,-0.15,14.35
59.08,-0.13,13.06666667
59.08,-0.12,14.37
59.08,-0.1,9.38
59.08,-0.08,9.32
59.08,-0.07,9.66
59.08,-0.03,13.325
59.08,-0.02,7.65
59.08,0.03,9.66
59.08,1.2,7.64
59.08,1.22,9.805
59.08,1.23,14.44333333
59.08,1.25,16.03
59.08,1.28,16.24
59.08,1.33,10.39
59.08,1.38,13.14
59.08,1.42,11.325
59.08,1.43,13.11
59.08,1.45,13.99
59.08,1.47,7.615
59.08,1.48,7.605
59.08,1.53,11.83
59.08,2.28,9.21
59.08,2.37,12.77
59.08,2.42,12.78
59.08,2.47,12.83
59.08,2.52,12.9
59.08,3.67,13.11
59.09,-1.37,7.09
59.09,-1.36,9.22
59.09,-1.35,14.1
59.0998,-1.37,13.1
59.0998,-1.36,10.85
59.1,-0.37,8.2
59.1,-0.33,8.79
59.1,-0.27,11.57
59.1,-0.23,10.505
59.1,-0.22,9.24
59.1,-0.2,14.3
59.1,-0.18,9.59
59.1,-0.17,11.99
59.1,-0.13,9.56
59.1,-0.12,9.635
59.1,-0.07,4.05
59.1,-0.05,7.67
59.1,-0.03,9.05
59.1,1.17,9
59.1,1.18,14.27
59.1,1.2,16.19
59.1,1.22,14.33
59.1,1.32,8.84
59.1,1.33,13.15
59.1,1.35,11.46
59.1,1.42,5.56
59.1,1.53,9.61
59.1,2.02,13.81
59.1,2.12,12.66
59.1,3.62,12.71
59.1,3.63,7.29
59.1,3.75,5.95
59.11,-1.37,10.98
59.11,-1.36,8.03
59.11,-1.35,10.1
59.1198,-1.35,11.14
59.1198,-1.33,12.02
59.12,-0.53,9
59.12,-0.38,8.07
59.12,-0.37,11.75
59.12,-0.35,11.61
59.12,-0.33,9.27
59.12,-0.32,12.38
59.12,-0.3,15.06
59.12,-0.28,16.05
59.12,-0.27,14.04
59.12,-0.25,11.67
59.12,-0.23,15.96
59.12,-0.22,11.895
59.12,-0.18,9.56
59.12,1.05,4.05
59.12,1.08,10.76
59.12,1.12,10.77
59.12,1.13,13.31333333
59.12,1.15,10.2
59.12,1.18,14.33
59.12,1.22,13.06
59.12,1.27,9.68
59.12,1.28,14
59.12,1.33,8.11
59.12,1.37,11.505
59.12,1.4,9.62
59.12,1.42,9.24
59.12,1.48,9.23
59.12,1.72,13.81
59.12,1.87,12.52
59.13,-1.48,12.52
59.13,-1.36,8.42
59.13,-1.35,10.8
59.13,-1.34,7.985
59.13,-1.33,12.1
59.13,-1.2998,9.1
59.13,-0.62,10.3
59.13,-0.5298,8.07
59.13,-0.52,9.6
59.13,-0.48,10.31
59.13,-0.43,11.58
59.13,-0.42,11.42
59.13,-0.4,11.05
59.13,-0.38,15.055
59.13,-0.33,15.82
59.13,-0.32,13.55
59.13,-0.2,9.65
59.13,0.97,7.67
59.13,0.98,10.67
59.13,1.02,13.89
59.13,1.03,14.12
59.13,1.07,12.18
59.13,1.08,9.236666667
59.13,1.1,8.81
59.13,1.12,13
59.13,1.17,9.69
59.13,1.18,10.28666667
59.13,1.2,9.655
59.13,1.23,5.52
59.13,1.25,9.63
59.13,1.27,7.42
59.13,1.33,14
59.13,1.47,9.24
59.13,1.63,13.83
59.13,1.67,12.57
59.13,3.5,12.56
59.13,3.57,5.57
59.13,4.2398,6.23
59.1398,-1.35,11.4
59.1398,-1.34,9.72
59.1398,-1.32,7.8
59.15,-1.34,10.45
59.15,-1.33,12.62
59.15,-0.5,12.3
59.15,-0.48,12.625
59.15,-0.47,9.25
59.15,-0.45,10.12
59.15,-0.43,15.26
59.15,-0.33,9.7
59.15,0.92,7.67
59.15,0.93,10.73
59.15,0.95,15.96
59.15,0.97,12.97
59.15,1.07,10.14
59.15,1.08,9.69
59.15,1.13,9.69
59.15,1.15,5.51
59.15,1.22,14.025
59.15,3.88,9.25
59.1598,-1.36,11.41
59.1598,-1.35,8.18
59.1598,-1.34,7.8
59.1598,-1.33,10.35
59.1598,-1.32,12.3
59.1598,-1.2998,8.9
59.1598,-1.22,11.51
59.1698,-1.35,8.59
59.1698,-1.33,10.8
59.1698,-1.3098,8.9425
59.1698,-1.2,8.9
59.1698,-0.5598,8.58
59.17,-0.77,9.6
59.17,-0.73,8.08
59.17,-0.72,11.6
59.17,-0.68,8.08
59.17,-0.65,11.6
59.17,-0.63,11.78
59.17,-0.6,9.04
59.17,-0.58,9.01
59.17,-0.57,9.2
59.17,-0.55,15.92
59.17,-0.53,15.16
59.17,-0.52,9.22
59.17,-0.5,11.38
59.17,-0.47,15.99
59.17,0.83,8.7025
59.17,0.85,10.69
59.17,0.87,15.93
59.17,0.88,10.03
59.17,0.9,11.85
59.17,0.92,10.04
59.17,0.93,13
59.17,0.97,10.09
59.17,1,12.89
59.17,1.07,8.09
59.17,1.12,14
59.17,1.33,9.775
59.17,1.42,13.85
59.17,1.45,12.52
59.17,1.48,12.53
59.17,1.5,8.87
59.17,3.45,10.77
59.17,3.47,8.35
59.17,3.62,8.22
59.18,-1.34,10.33
59.18,-1.33,7.46
59.18,-1.3098,11.83
59.18,-1.2798,8.9
59.18,-0.82,10.2
59.18,-0.77,8.09
59.18,-0.75,11.61
59.18,-0.7,11.66
59.18,-0.68,6.335
59.18,-0.67,14.19
59.18,-0.63,11.18
59.18,-0.6,9.83
59.18,-0.55,15.85
59.18,0.75,7.68
59.18,0.77,14.02
59.18,0.8,14.505
59.18,0.82,15.88
59.18,0.85,12.37
59.18,0.87,15.85
59.18,0.9,8.72
59.18,0.95,11.28
59.18,0.97,9.56
59.18,0.98,7.49
59.18,1.02,5.51
59.18,1.07,9.32
59.18,1.1,9.29
59.18,1.3,9.24
59.18,3.38,13.88
59.18,3.42,5.79
59.18,3.48,6.05
59.18,3.58,9.47
59.18,3.8,10.54
59.1898,-1.35,11.39
59.1898,-1.34,9.8
59.1898,-1.33,9.9
59.1898,-1.3098,11.9
59.1898,-1.1698,11.53
59.2,-1.45,8.59
59.2,-1.35,8.35
59.2,-1.34,8.27
59.2,-1.33,10.8
59.2,-1.32,14.49
59.2,-1.1498,13.06
59.2,-0.82,8.61
59.2,-0.78,9.07
59.2,-0.77,14.08
59.2,-0.73,9.2
59.2,-0.7,15.43
59.2,-0.68,11.23
59.2,-0.63,9.79
59.2,0.65,7.68
59.2,0.67,12.82
59.2,0.72,12.81
59.2,0.9,15.01
59.2,0.92,13.95
59.2,0.93,5.5
59.2,0.95,7.77
59.2,0.97,5.49
59.2,1.57,9.34
59.2098,-1.33,8.93
59.2098,-1.32,7.47
59.2098,-1.2998,10.77
59.2098,-1.2898,8.9
59.22,-1.34,8.9
59.22,-1.32,8.26
59.22,-0.95,11.455
59.22,-0.93,8.1
59.22,-0.87,11.55
59.22,-0.85,11.45
59.22,-0.83,14.08
59.22,-0.82,9.26
59.22,-0.8,14.82
59.22,-0.78,12.68
59.22,-0.77,11.29
59.22,-0.72,13.4
59.22,-0.7,9.81
59.22,-0.65,7.69
59.22,-0.6,7.68
59.22,0.57,9.6
59.22,0.6,12.78
59.22,0.62,13.79
59.22,0.63,14.99
59.22,0.67,14.795
59.22,0.68,12.17
59.22,0.72,14.49
59.22,0.73,15.78
59.22,0.83,8.79
59.22,0.87,11.785
59.22,0.9,9.49
59.22,0.95,9.38
59.22,1.13,9.18
59.22,1.17,12.44
59.22,1.23,12.45
59.22,3.33,12.45
59.22,3.37,9.19
59.22,3.73,10.14
59.2298,-1.33,11.38
59.2298,-1.32,10.8
59.23,-1.08,11.7
59.23,-1.07,8.12
59.23,-1.03,10.99
59.23,-0.93,7.5
59.23,-0.92,12.65666667
59.23,-0.9,11.23
59.23,-0.88,9.29
59.23,-0.85,10.27
59.23,-0.83,13.74
59.23,0.48,9.84
59.23,0.52,12.48
59.23,0.53,13.17
59.23,0.55,13.74
59.23,0.57,10.71
59.23,0.58,12.02333333
59.23,0.62,13.76
59.23,0.63,15.7
59.23,0.67,8.67
59.23,0.68,12.9
59.23,0.7,13.83
59.23,0.73,9.54
59.23,0.75,9.51
59.23,0.77,13.84
59.23,0.78,11.655
59.23,0.83,5.53
59.23,0.93,9.19
59.23,1.08,13.72
59.23,1.12,12.43
59.23,2.18,12.43
59.23,3.28,8.41
59.23,3.68,8.37
59.24,-1.3098,11.38
59.24,-1.09,10.195
59.25,-1.32,8.64
59.25,-1.3098,14.6
59.25,-1.13,13.04
59.25,-1.03,10.57
59.25,-1.02,13.96
59.25,-0.98,13.915
59.25,-0.97,15.25
59.25,-0.95,12.52
59.25,-0.92,9.8
59.25,-0.88,7.68
59.25,0.48,7.68
59.25,0.53,10.71
59.25,0.55,10.39
59.25,0.6,12.9
59.25,0.63,12.93
59.25,0.67,9.54
59.25,0.68,13.79
59.25,0.72,5.51
59.25,0.73,9.39
59.25,0.77,7.63
59.25,1.75,13.45
59.25,2.17,8.81
59.25,3.27,8.37
59.2598,-1.3098,8.35
59.27,-1.3098,7.2
59.27,-1.2998,7.986666667
59.27,-1.23,13.07
59.27,-1.18,8.13
59.27,-1.13,10.77
59.27,-1.12,11.48
59.27,-1.1,12.27
59.27,-1.08,13.285
59.27,-1.0598,11.8875
59.27,-1.03,8.56
59.27,-1.02,15.19
59.27,-0.93,9.615
59.27,-0.6398,7.68
59.27,0.37,9.6
59.27,0.43,12.98666667
59.27,0.47,15.55
59.27,0.48,13.55333333
59.27,0.52,8.64
59.27,0.53,13.095
59.27,0.55,9.54
59.27,0.57,11.17
59.27,0.58,12.625
59.27,0.6,10.89
59.27,0.62,7.49
59.27,0.63,13.41
59.27,0.65,11.56
59.27,0.68,7.86
59.27,0.75,13.24
59.27,0.88,13.44
59.27,1.82,12.51
59.27,3.17,8.77
59.27,3.18,6
59.27,3.23,6.03
59.2798,-1.33,12.28
59.2798,-1.32,9.8
59.2798,-1.3098,13.7
59.2798,-1.2998,12.4
59.28,-1.25,7.5
59.28,-1.23,9.01
59.28,-1.22,11.545
59.28,-1.2,10.77
59.28,-1.18,11.085
59.28,-1.17,12.915
59.28,-1.15,10.1225
59.28,-1.12,12.195
59.28,-1.08,13.28
59.28,0.33,7.65
59.28,0.35,15.295
59.28,0.37,15.55
59.28,0.38,10.45
59.28,0.4,8.65
59.28,0.42,10.72
59.28,0.47,11.64
59.28,0.52,12.81666667
59.28,0.55,10.575
59.28,0.57,13.62
59.28,0.58,13.16
59.28,0.6,9.15
59.28,1.92,9.44
59.28,2.15,8.85
59.28,3.12,8.36
59.28,3.13,5.91
59.28,3.15,5.93
59.28,3.2,5.95
59.28,3.22,8.37
59.28,3.55,9.51
59.29,-1.3098,11.38
59.29,-1.2998,9
59.2998,-1.3098,8.2
59.2998,-1.2998,13.7
59.2998,-1.2898,9.375
59.2998,-1.2598,10.78
59.3,-1.38,8.8
59.3,-1.32,8.14
59.3,-1.25,9.14
59.3,-1.23,10.285
59.3,-1.17,13.29
59.3,0.22,7.62
59.3,0.3,13.94
59.3,0.32,15.02
59.3,0.37,10.25
59.3,0.38,13.17
59.3,0.42,9.56
59.3,0.43,9.57
59.3,0.5,13.61
59.31,-1.2998,9.18
59.31,-1.2898,7.62
59.31,-1.24,8.2
59.3198,-1.2998,10.2
59.3198,-1.2898,7.2
59.32,-1.52,8.6
59.32,-1.37,10.51
59.32,-1.35,15.06
59.32,0.15,11.005
59.32,0.17,13.89
59.32,0.2,13.95
59.32,0.23,12.845
59.32,0.25,9.115
59.32,0.27,10.73
59.32,0.28,15.45
59.32,0.3,12.75
59.32,0.32,8.71
59.32,0.33,11.53
59.32,0.42,13.62
59.32,0.68,9.38
59.32,1.97,12.42
59.32,3.1,8.78
59.32,3.43,12.27
59.33,-1.58,11.39
59.33,-1.53,3.01
59.33,-1.52,3.03
59.33,-1.5,9.13
59.33,-1.47,12.23
59.33,-1.43,11.17
59.33,-1.42,10.64
59.33,-1.38,9.475
59.33,-1.2898,9.664
59.33,0.03,7.6
59.33,0.08,13.78
59.33,0.1,13.78
59.33,0.12,13.78
59.33,0.15,13.17
59.33,0.18,15.445
59.33,0.2,12.11666667
59.33,0.23,9.886666667
59.33,0.25,9.63
59.33,0.27,9.5
59.33,0.28,7.49
59.33,0.33,13.6
59.34,-1.2898,9.32
59.34,-1.2798,10.2
59.34,-1.23,10.605
59.3498,-1.2898,10.2
59.3498,-1.2798,11.16666667
59.3498,-1.23,12.7
59.35,-1.58,10.2
59.35,-1.57,10.97
59.35,-1.55,9.18
59.35,-1.53,12.95
59.35,-1.52,10.5825
59.35,-1.5,11.82
59.35,-1.48,10.40333333
59.35,0.05,9.22
59.35,0.07,10.72
59.35,0.08,10.9525
59.35,0.12,10.165
59.35,0.13,8.74
59.35,0.18,9.66
59.35,0.2,13.395
59.36,-1.2898,5.42
59.36,-1.2798,11.83333333
59.3698,-1.2798,14.1
59.3698,-1.2598,12.10333333
59.37,-1.58,10.57
59.37,-1.57,11.68
59.37,-1.55,9.428
59.37,-0.08,8.88
59.37,0,13.76
59.37,0.02,15.3
59.37,0.07,9.786666667
59.37,0.08,14.97
59.37,0.1,12.22
59.37,0.12,11.14
59.37,2.98,7.755
59.37,3.02,8.16
59.38,-1.2898,8.08
59.38,-1.2798,7.46
59.38,-1.2698,9.916666667
59.38,-1.23,11.02
59.38,-0.15,8.6
59.38,-0.12,13.73
59.38,-0.08,13.63333333
59.38,-0.07,15.21
59.38,-0.05,11.96
59.38,-0.03,15.07
59.38,-0.02,11.50666667
59.38,0,12.74666667
59.38,0.02,15.39
59.38,0.03,12.32
59.38,0.28,7.43
59.38,0.32,12.58
59.38,2.97,12.56
59.38,3.13,8.09
59.3898,-1.2698,10.98
59.4,-1.2698,12.04
59.4,-1.21,8.76
59.4,-0.2,10.2
59.4,-0.17,12.67
59.4,-0.15,11.905
59.4,-0.12,10.78
59.4,-0.1,10.14
59.4,-0.07,9.35
59.4,0.13,15.255
59.4,3.22,7.84
59.4098,-1.36,11.43
59.4098,-1.2798,8.15
59.4098,-1.2698,7.795
59.4098,-1.2598,7.88
59.4198,-1.2798,9.9
59.4198,-1.2598,7.8
59.4198,-1.0598,12.805
59.42,-0.25,8.54
59.42,-0.23,15
59.42,-0.22,10.84
59.42,-0.2,15.05
59.42,-0.18,13.73
59.42,-0.17,10.648
59.42,-0.13,10
59.42,-0.12,15.32
59.42,-0.1,10.08
59.42,0.13,5.35
59.42,0.18,12.62
59.42,2.87,12.61
59.42,3.03,8.13
59.42,3.15,11.13
59.43,-1.2598,11.43
59.43,-1.25,8.066666667
59.43,-1.22,10.9
59.43,-0.37,8.4
59.43,-0.33,9.74
59.43,-0.32,11.94
59.43,-0.3,14.18
59.43,-0.28,12.325
59.43,-0.25,10.48333333
59.43,-0.23,11.31
59.43,-0.18,13.71666667
59.43,0,7.755
59.43,0.02,12.63
59.43,2.75,12.65
59.43,3,6.55
59.4398,-1.2698,11.11
59.4398,-1.2598,7.45
59.4398,-1.25,13.86
59.45,-1.2598,9
59.45,-1.08,9.693333333
59.45,-0.42,8.55
59.45,-0.38,14.79
59.45,-0.37,12.4
59.45,-0.35,13.08
59.45,-0.33,14.77
59.45,-0.32,13.79
59.45,-0.27,13.83
59.45,-0.25,5.28
59.45,2.73,7.7
59.45,2.8,6.55
59.45,2.98,8.25
59.45,3.07,11.13
59.4598,-1.24,11.45
59.47,-1.2598,10.3
59.47,-1.25,7.9
59.47,-1.2,9.8
59.47,-0.48,8.6
59.47,-0.47,12.44
59.47,-0.43,8.52
59.47,-0.42,12.14571429
59.47,-0.4,12.20333333
59.47,-0.37,9.78
59.47,-0.35,13.75
59.47,2.68,5.11
59.47,3.02,6.66
59.4798,-1.2598,11.46
59.4798,-1.25,10.75
59.48,-0.6,8.96
59.48,-0.58,11.685
59.48,-0.57,14.23
59.48,-0.55,11.215
59.48,-0.53,9.55
59.48,-0.48,9.895
59.48,-0.45,13.71
59.48,-0.42,10.48
59.48,-0.27,6.42
59.48,-0.23,12.72
59.48,2.63,12.74
59.48,2.65,6.76
59.48,2.68,6.77
59.48,2.7,6.69
59.48,2.72,8.05
59.48,2.97,7.78
59.49,-1.33,11.46
59.49,-1.25,8.2
59.5,-1.25,10.86666667
59.5,-1.24,9.8
59.5,-1.23,10.555
59.5,-0.63,10.34
59.5,-0.62,13.19
59.5,-0.6,8.46
59.5,-0.58,8.47
59.5,-0.57,13.57
59.5,-0.33,9.54
59.5,2.62,12.7
59.5098,-1.25,6.87
59.5098,-1.24,11.065
59.5098,-1.19,8.03
59.52,-1.25,8.5
59.52,-0.73,14.2
59.52,-0.72,11.73
59.52,-0.7,12.28666667
59.52,-0.68,13.96
59.52,-0.67,12.89
59.52,-0.65,12.836
59.52,-0.63,11.19
59.52,-0.62,10.03
59.52,-0.6,9.306666667
59.52,-0.55,10.41
59.52,-0.43,7.72
59.52,2.62,12.76
59.52,2.8,8.03
59.5298,-1.2598,11.18
59.5298,-1.23,9.8
59.5298,-1.1798,10.365
59.53,-0.83,8.4
59.53,-0.8,13.92
59.53,-0.78,13.81666667
59.53,-0.77,12.03666667
59.53,-0.75,11.465
59.53,-0.73,11.015
59.53,-0.72,13.32
59.53,-0.65,7.69
59.53,-0.47,8.31
59.53,2.52,12.7
59.53,2.58,6.95
59.53,2.63,7.89
59.53,2.8,9.71
59.54,-1.24,11.19
59.54,-1.23,7.7
59.5498,-1.24,7.9
59.5498,-1.23,7.7
59.55,-0.87,11.82666667
59.55,-0.85,14.8
59.55,-0.83,12.45666667
59.55,-0.82,12.79666667
59.55,-0.8,12.19
59.55,-0.78,9.613333333
59.55,-0.77,10.48
59.55,-0.75,7.7
59.55,-0.73,12.29
59.55,-0.58,4.86
59.55,2.52,12.87
59.55,2.53,6.95
59.55,2.82,8
59.56,-1.24,11.5
59.56,-1.22,14.7
59.5698,-1.22,8.1
59.57,-0.98,9.906666667
59.57,-0.95,14.59
59.57,-0.93,8.41
59.57,-0.92,12.0025
59.57,-0.9,14.59
59.57,-0.88,7.465
59.57,-0.85,12.62
59.57,2.47,14.58
59.57,2.53,6.96
59.58,-1.03,9.74
59.58,-1.02,10.91
59.58,-1,10.05
59.58,-0.98,11.01666667
59.58,-0.97,11.48857143
59.58,-0.95,12.45666667
59.58,-0.93,9.9
59.58,-0.92,12.01333333
59.58,-0.72,10.75
59.58,-0.68,12.85
59.58,2.42,12.92
59.58,2.43,6.94
59.58,2.45,6.93
59.58,2.48,9.276666667
59.58,2.5,7.65
59.58,2.65,9.79
59.59,-1.22,11.1
59.59,-1.21,11.21
59.5998,-1.22,11.57
59.5998,-1.11,10
59.6,-1.08,8.5
59.6,-1.07,11.365
59.6,-1.03,11.08333333
59.6,-1.02,14.65
59.6,-1,11.63
59.6,-0.85,11.69
59.6,2.4,12.84
59.6,2.43,6.94
59.6,2.63,7.53
59.61,-1.2698,11.11
59.61,-1.22,8.13
59.61,-1.21,9.903333333
59.61,-1.2,9.825
59.61,-1.1498,10.21
59.61,-0.8798,9
59.6198,-1.2698,9.8
59.6198,-1.1498,8.13
59.62,-1.18,8.4
59.62,-1.17,10.44666667
59.62,-1.15,7.76
59.62,-1.13,12.175
59.62,-1.12,9.67
59.62,-1.08,10.19666667
59.62,2.37,9.666666667
59.62,2.38,6.95
59.62,2.63,8.17
59.63,-1.28,11.53
59.63,-1.27,8.855
59.63,-1.25,9.38
59.63,-1.23,11.82
59.63,-1.22,12.045
59.63,-1.21,10.26
59.63,-1.2,12.025
59.63,-1.17,8.956666667
59.63,-0.93,9.63
59.63,2.3,12.89
59.63,2.32,6.94
59.6398,-1.21,7.44
59.6398,-1.2,13.065
59.6398,-1.1398,7.6
59.65,-1.38,9.6
59.65,-1.37,10.3
59.65,-1.33,10.29
59.65,-1.32,9.393333333
59.65,-1.3,10.69
59.65,-1.28,11.11333333
59.65,-1.27,10.46
59.65,-1.23,10.99
59.65,-1.2,9.8
59.65,-1.19,9.67
59.65,-1.07,10.84
59.65,2.3,12.74
59.6598,-1.21,9.186666667
59.6598,-1.2,8.15
59.6598,-1.1298,8.73
59.6698,-1.21,8.4
59.6698,-1.2,8.34
59.6698,-1.19,7.81
59.67,-1.55,12.26
59.67,-1.52,10.38
59.67,-1.45,10.37
59.67,-1.43,10.31
59.67,-1.42,12.54
59.67,-1.4,8.133333333
59.67,-1.38,11.93
59.67,-1.37,11.25285714
59.67,-1.35,10.8
59.67,-1.33,9.29
59.67,-1.22,13.155
59.67,2.25,12.42
59.67,2.28,7.45
59.67,2.52,8.07
59.68,-1.55,11.56
59.68,-1.52,12.86
59.68,-1.48,11.14
59.68,-1.47,9.974
59.68,-1.43,10.95
59.68,-1.37,10.5
59.68,-1.24,11.59
59.68,-1.2,8.07
59.68,-1.19,7.81
59.68,-1.1798,7.3
59.68,-1.12,11.21
59.68,2.18,8.3
59.68,2.23,7.2
59.68,2.42,7.48
59.6898,-1.2,11.58
59.6898,-1.19,7.51
59.7,-1.58,8.4725
59.7,-1.57,12.82
59.7,-1.55,9.696
59.7,-1.53,10.38
59.7,-1.52,11.36
59.7,-1.2,11.245
59.7,-1.19,8.32
59.7,-1.1798,10.9
59.7,2.17,12.9
59.7098,-1.23,6.87
59.7098,-1.2,8.01
59.7098,-1.11,12.73666667
59.72,-1.58,8.4
59.72,-1.19,8.25
59.72,-1.1798,7.51
59.72,-1.11,13.04
59.72,2.12,9.7
59.72,2.33,7.53
59.7298,-1.19,10.86
59.7298,-1.1798,8.25
59.7298,-1.1698,7.8
59.7298,-1.11,8.9
59.73,2.07,8.4
59.73,2.1,6.85
59.73,2.28,6.85
59.73,2.3,11.59
59.74,-1.19,10.88
59.74,-1.1698,15.1
59.75,-1.2,12.315
59.75,-1.1798,9.9
59.75,-1.1698,13.6
59.75,2.07,7.7
59.7598,-1.1698,8.09
59.7598,-1.1,10.154
59.77,-1.1798,9.05
59.77,2.02,8.42
59.77,2.03,7.51
59.7798,-1.1698,7.64
59.78,2.18,8.46
59.79,-1.1698,11.62
59.79,-1.1598,12.32
59.7998,-1.1598,11.01
59.7998,-1.1,12.9
59.8,1.92,8.27
59.8,1.95,6.83
59.8,2.12,8.16
59.81,-1.1598,11.64
59.81,-1.1498,7.88
59.8198,-1.1798,10.1375
59.8198,-1.1598,8.05
59.8198,-1.1498,13.7
59.8198,-1.1,10.91
59.82,1.88,8.18
59.82,1.9,8.22
59.82,1.92,7.73
59.82,2.08,6.84
59.83,-1.1498,11.64
59.84,-1.1598,8.143333333
59.84,-1.1498,7.7
59.84,-1.09,10.8
59.8498,-1.1598,8.6
59.85,1.78,8.095
59.85,1.97,6.81
59.86,-1.1598,11.68
59.86,-1.1498,7.79
59.86,-1.1398,11.01
59.86,-1.07,9
59.86,-1.0298,9.5
59.8698,-1.1598,10.4
59.87,1.75,7.99
59.87,1.77,6.8
59.87,1.9,8.05
59.88,-1.1398,11.69
59.88,-1.1298,7.4
59.88,-1.0398,9.3
59.88,1.72,10.5
59.88,1.88,7.4
59.8898,-1.1398,11.69
59.8898,-1.1298,12.26
59.9,-1.1298,11.02
59.9,-1.0498,9.615
59.9,1.68,10.5
59.9,1.72,7.12
59.9,1.82,8.16
59.9,1.9,11.7
59.9098,-1.1398,10.82
59.9098,-1.1298,7.9
59.9098,-1.12,10.2
59.9098,-1.0498,8.7
59.9198,-1.1298,9.6
59.9198,-1.12,11.8
59.9198,-1.1,8.4
59.92,1.77,8.32
59.93,-1.12,11.7
59.93,-1.1,7.916666667
59.93,1.58,8.31
59.93,1.6,7.435
59.93,1.63,7.98
59.93,1.72,7.97
59.9398,-1.1298,11.7
59.9398,-1.12,7.7
59.9398,-1.1,8.66
59.95,-1.12,8.2
59.95,-1.1,9.01
59.9598,-1.12,8.19
59.9598,-1.11,8.09
59.97,-1.11,9.87625
59.97,-1.08,9.78
59.97,1.48,8.7
59.97,1.52,9.57
59.97,1.57,6.81
59.97,1.67,8.04
59.97,1.77,11.71
59.9798,-1.12,10.8
59.9798,-1.11,10.95
59.9798,-1.1,8.766666667
59.98,1.43,9.1
59.98,1.47,7.87
59.98,1.48,7.83
59.98,1.58,9.575
59.98,1.6,11.72
59.99,-1.1298,11.71
59.99,-1.12,14.4
59.99,-1.1,7.7
60,-1.11,9.766666667
60,-1.1,8.47
60,1.43,10.3
60.0098,-1.11,7.9
60.0098,-1.1,8.46
60.02,-1.12,9.343333333
60.02,-1.1,7.7
60.02,1.32,8.6
60.02,1.4,9.28
60.02,1.42,8.03
60.02,1.52,6.82
60.02,1.65,11.71
60.0298,-1.12,10.81
60.0298,-1.11,8.4
60.03,1.33,11.1625
60.03,1.37,8.18
60.03,1.48,8.16
60.04,-1.12,11.71
60.04,-1.11,11.28
60.0498,-1.12,8
60.05,1.32,8.66
60.06,-1.12,8.5
60.06,-1.11,10.42
60.0698,-1.1298,9.25
60.0698,-1.12,10.98
60.0698,-1.11,9.195
60.07,1.28,8.1
60.07,1.3,9.38
60.07,1.42,8.62
60.08,-1.1298,11.71
60.08,-1.12,7.58
60.08,-1.09,10.14
60.08,1.2,9.5
60.08,1.22,8.27
60.08,1.23,8.23
60.09,-1.1298,8.65
60.11,-1.1398,8.9
60.11,-1.1298,10.875
60.1198,-1.1398,9.75
60.12,1.13,9.7
60.13,-1.1398,6.86
60.13,1.12,7.775
60.15,1.05,6.85
60.15,1.07,11.33
60.15,1.32,11.34
60.1598,-1.1498,10.85
60.17,1.02,8
60.18,0.97,7.825
60.18,1.07,10.05
60.18,1.1,11.71
60.18,1.12,11.72
60.18,1.23,11.71
60.2,1.22,10.78
60.22,0.88,10.75
60.23,0.83,7.67
60.23,0.87,8.36
60.23,1.12,7.04
60.25,1.08,10.79
60.27,0.77,10.84
60.27,0.78,7.11
60.27,0.87,7.09
60.28,0.7,11.72
60.28,0.72,8.39
60.28,0.73,8.03
60.28,0.82,8.586666667
60.28,0.83,11.72
60.3,0.67,11.72
60.3,0.68,7.16
60.3,0.77,7.775
60.3,0.78,11.72
60.32,0.63,11.72
60.32,0.67,8.94
60.32,0.72,7.17
60.32,0.75,11.72
60.33,0.57,11.72
60.33,0.58,7.23
60.33,0.62,8.755
60.33,0.68,10.045
60.35,0.63,11.72
60.37,0.52,11.72
60.38,0.43,8.52
60.38,0.45,7.28
60.38,0.47,8.54
60.38,0.48,8.75
60.38,0.5,8.53
60.38,0.77,8.56
60.4,0.43,10.75
60.4,0.48,8.95
60.4,0.52,11.7
60.4,0.72,11.7
60.42,0.38,10.73
60.42,0.4,8.56
60.42,0.45,7.28
60.43,0.32,11.71
60.43,0.33,9.03
60.43,0.37,7.32
60.43,0.38,8.6
60.43,0.4,11.6
60.45,0.28,11.705
60.45,0.3,7.34
60.45,0.32,9.04
60.45,0.37,8.005
60.47,0.23,11.71
60.47,0.27,7.37
60.47,0.28,8.74
60.48,0.18,8.71
60.48,0.2,7.42
60.48,0.22,11.7
60.48,0.23,8.71
60.48,0.25,11.64
60.5,0.18,8.73
60.52,0.12,8.21
60.52,0.13,9.57
60.52,0.5,10.33
60.53,0.07,10.8
60.53,0.1,9.58
60.55,0.03,9.25
60.57,-0.03,8.185
60.57,0.02,11.69
60.58,-0.08,8.555
60.58,-0.03,11.69
60.6,-0.12,9.853333333
60.6,-0.07,11.69
60.62,-0.12,8.265
60.62,0.25,8.965
60.63,-0.18,10.59
60.63,-0.17,7.6
60.63,-0.13,8.815
60.65,-0.18,10.24
60.68,-0.3,8.91
60.68,-0.28,8.78
60.68,-0.27,8.023333333
60.7,-0.33,7.63
60.72,-0.38,10.32333333
60.72,-0.33,11.66
60.72,-0.32,8.16
60.73,-0.43,8.52
60.73,-0.42,11.66
60.73,-0.38,7.67
60.73,-0.05,8.89
60.77,-0.48,10.77
60.77,-0.43,7.69
60.78,-0.57,8.91
60.78,-0.53,10.475
60.78,-0.5,10.255
60.78,-0.48,8.95
60.8,-0.6,8.94
60.8,-0.58,11.62
60.8,-0.57,11.62
60.82,-0.62,9.05
60.82,-0.6,9.665
60.82,-0.58,11.65
60.83,-0.68,7.71
60.83,-0.67,8.93
60.83,-0.65,8.83
60.83,-0.27,8.87
60.85,-0.68,10.4
60.87,-0.75,11.65
60.87,-0.73,8.95
60.87,-0.72,11.68
60.88,-0.83,7.74
60.88,-0.8,8.94
60.88,-0.78,7.77
60.88,-0.77,9.7
60.9,-0.87,9.03
60.9,-0.85,10.145
60.92,-0.97,7.78
60.92,-0.95,8.87
60.92,-0.93,9.51
60.92,-0.92,7.8
60.93,-1.12,10.36
60.93,-1.1,10.25
60.93,-1.07,11.62
60.93,-1.05,8.85
60.93,-1.02,8.84
60.95,-1.2,11.67
60.95,-1.18,8.89
60.95,-1.17,7.88
60.97,-1.52,8.89
60.97,-1.38,11.63
60.97,-1.33,11.63
60.97,-1.32,11.62
60.97,-1.27,11.63
60.97,-1.23,8.4
60.97,-1.22,8.89
60.98,-1.38,7.89
60.98,-1.37,9.22
60.98,-1.28,9.35
61,-1.47,9.36
61,-1.42,9.315
61,-0.73,9.36
61.02,-1.58,10.96
61.02,-1.57,9.28
61.02,-1.55,9.29
61.03,-1.02,9.3
61.03,-0.9,10.88
61.07,-1.33,10.93
61.08,-1.48,10.91
61.08,-1.47,10.98
