Cruise,Station,Type,yyyy-mm-ddThh:mm,Latitude [degrees_north],Longitude [degrees_east],Bot. Depth [m],PRES [db],TEMP [deg C]
77CN,1,B,2014-01-12T10:10,57.0300,-031.2300,,7,5.3
77CN,2,B,2014-01-12T10:15,57.0300,-031.1800,,7,7.3
77CN,3,B,2014-01-12T10:20,57.0300,-031.1400,,7,7.3
77CN,4,B,2014-01-12T10:25,57.0400,-031.1000,,7,7.3
77CN,5,B,2014-01-12T10:30,57.0400,-031.0600,,7,7.3
77CN,6,B,2014-01-12T10:35,57.0400,-031.0200,,7,7.3
77CN,7,B,2014-01-12T10:40,57.0400,-030.9800,,7,7.3
77CN,8,B,2014-01-12T10:45,57.0400,-030.9400,,7,7.3
77CN,9,B,2014-01-12T10:50,57.0400,-030.9000,,7,7.1
77CN,10,B,2014-01-12T10:55,57.0400,-030.8600,,7,7.3
77CN,11,B,2014-01-12T11:00,57.0400,-030.8100,,7,7.3
77CN,12,B,2014-01-12T11:05,57.0400,-030.7700,,7,7.3
77CN,13,B,2014-01-12T11:10,57.0400,-030.7300,,7,7.3
77CN,14,B,2014-01-12T11:15,57.0400,-030.6900,,7,7.3
77CN,15,B,2014-01-12T11:20,57.0400,-030.6500,,7,7.3
77CN,16,B,2014-01-12T11:25,57.0400,-030.6100,,7,7.3
77CN,17,B,2014-01-12T11:30,57.0400,-030.5700,,7,7.4
77CN,18,B,2014-01-12T11:35,57.0400,-030.5300,,7,7.3
77CN,19,B,2014-01-12T11:40,57.0400,-030.4900,,7,7.3
77CN,20,B,2014-01-12T11:45,57.0400,-030.4400,,7,7.3
77CN,21,B,2014-01-12T11:50,57.0400,-030.4000,,7,7.3
77CN,22,B,2014-01-12T11:55,57.0400,-030.3600,,7,7.4
77CN,23,B,2014-01-12T12:00,57.0400,-030.3200,,7,7.3
77CN,24,B,2014-01-12T12:05,57.0400,-030.2800,,7,7.3
77CN,25,B,2014-01-12T12:10,57.0500,-030.2400,,7,7.3
77CN,26,B,2014-01-12T12:15,57.0500,-030.2000,,7,7.3
77CN,27,B,2014-01-12T12:20,57.0500,-030.1600,,7,7.3
77CN,28,B,2014-01-12T12:25,57.0500,-030.1200,,7,7.3
77CN,29,B,2014-01-12T12:30,57.0500,-030.0800,,7,7.3
77CN,30,B,2014-01-12T12:35,57.0500,-030.0300,,7,7.3
77CN,31,B,2014-01-12T12:40,57.0500,-029.9900,,7,7.3
77CN,32,B,2014-01-12T12:45,57.0500,-029.9500,,7,7.3
77CN,33,B,2014-01-12T12:50,57.0500,-029.9100,,7,7.3
77CN,34,B,2014-01-12T12:55,57.0500,-029.8700,,7,7.3
77CN,35,B,2014-01-12T13:00,57.0500,-029.8300,,7,7.3
77CN,36,B,2014-01-12T13:05,57.0500,-029.7900,,7,7.7
77CN,37,B,2014-01-12T13:10,57.0500,-029.7500,,7,7.7
77CN,38,B,2014-01-12T13:15,57.0500,-029.7100,,7,7.7
77CN,39,B,2014-01-12T13:20,57.0500,-029.6600,,7,7.8
77CN,40,B,2014-01-12T13:25,57.0500,-029.6200,,7,7.8
77CN,41,B,2014-01-12T13:30,57.0500,-029.5800,,7,7.8
77CN,42,B,2014-01-12T13:35,57.0500,-029.5400,,7,7.7
77CN,43,B,2014-01-12T13:40,57.0500,-029.5000,,7,7.4
77CN,44,B,2014-01-12T13:45,57.0500,-029.4600,,7,7.4
77CN,45,B,2014-01-12T13:50,57.0600,-029.4200,,7,7.4
77CN,46,B,2014-01-12T13:55,57.0600,-029.3800,,7,7.8
77CN,47,B,2014-01-12T14:00,57.0600,-029.3400,,7,7.7
77CN,48,B,2014-01-12T14:05,57.0600,-029.2900,,7,7.7
77CN,49,B,2014-01-12T14:10,57.0600,-029.2500,,7,7.7
77CN,50,B,2014-01-12T14:15,57.0600,-029.2100,,7,7.7
77CN,51,B,2014-01-12T14:20,57.0600,-029.1700,,7,7.8
77CN,52,B,2014-01-12T14:25,57.0600,-029.1300,,7,7.8
77CN,53,B,2014-01-12T14:30,57.0600,-029.0900,,7,7.7
77CN,54,B,2014-01-12T14:35,57.0600,-029.0500,,7,7.7
77CN,55,B,2014-01-12T14:40,57.0600,-029.0100,,7,7.7
77CN,56,B,2014-01-12T14:45,57.0600,-028.9700,,7,7.7
77CN,57,B,2014-01-12T14:50,57.0600,-028.9200,,7,7.7
77CN,58,B,2014-01-12T14:55,57.0600,-028.8800,,7,7.8
77CN,59,B,2014-01-12T15:00,57.0600,-028.8400,,7,7.7
77CN,60,B,2014-01-12T15:05,57.0600,-028.8000,,7,7.7
77CN,61,B,2014-01-12T15:10,57.0600,-028.7600,,7,7.8
77CN,62,B,2014-01-12T15:15,57.0600,-028.7200,,7,7.7
77CN,63,B,2014-01-12T15:20,57.0600,-028.6800,,7,7.6
77CN,64,B,2014-01-12T15:25,57.0600,-028.6400,,7,7.4
77CN,65,B,2014-01-12T15:30,57.0600,-028.6000,,7,7.4
77CN,66,B,2014-01-12T15:35,57.0700,-028.5500,,7,7.7
77CN,67,B,2014-01-12T15:40,57.0700,-028.5100,,7,7.7
77CN,68,B,2014-01-12T15:45,57.0700,-028.4700,,7,7.6
77CN,69,B,2014-01-12T15:50,57.0700,-028.4300,,7,7.6
77CN,70,B,2014-01-12T15:55,57.0700,-028.3900,,7,7.7
77CN,71,B,2014-01-12T16:00,57.0700,-028.3500,,7,7.6
77CN,72,B,2014-01-12T16:05,57.0700,-028.3100,,7,7.7
77CN,73,B,2014-01-12T16:10,57.0700,-028.2700,,7,7.8
77CN,74,B,2014-01-12T16:15,57.0700,-028.2300,,7,7.7
77CN,75,B,2014-01-12T16:20,57.0700,-028.1800,,7,7.8
77CN,76,B,2014-01-12T16:25,57.0700,-028.1400,,7,7.8
77CN,77,B,2014-01-12T16:30,57.0700,-028.1000,,7,7.8
77CN,78,B,2014-01-12T16:35,57.0700,-028.0600,,7,7.8
77CN,79,B,2014-01-12T16:40,57.0700,-028.0200,,7,7.8
77CN,80,B,2014-01-12T16:45,57.0700,-027.9800,,7,7.8
77CN,81,B,2014-01-12T16:50,57.0700,-027.9400,,7,7.8
77CN,82,B,2014-01-12T16:55,57.0700,-027.9000,,7,7.8
77CN,83,B,2014-01-12T17:00,57.0700,-027.8600,,7,7.6
77CN,84,B,2014-01-12T17:05,57.0700,-027.8200,,7,7.7
77CN,85,B,2014-01-12T17:10,57.0700,-027.7700,,7,7.6
77CN,86,B,2014-01-12T17:15,57.0800,-027.7300,,7,7.6
77CN,87,B,2014-01-12T17:20,57.0800,-027.6900,,7,7.7
77CN,88,B,2014-01-12T17:25,57.0800,-027.6500,,7,7.8
77CN,89,B,2014-01-12T17:30,57.0800,-027.6100,,7,7.7
77CN,90,B,2014-01-12T17:35,57.0800,-027.5700,,7,7.8
77CN,91,B,2014-01-12T17:40,57.0800,-027.5300,,7,7.8
77CN,92,B,2014-01-12T17:45,57.0800,-027.4900,,7,7.8
77CN,93,B,2014-01-12T17:50,57.0800,-027.4500,,7,7.8
77CN,94,B,2014-01-12T17:55,57.0800,-027.4000,,7,7.8
77CN,95,B,2014-01-12T18:00,57.0800,-027.3600,,7,7.8
77CN,96,B,2014-01-12T18:05,57.0800,-027.3200,,7,7.8
77CN,97,B,2014-01-12T18:10,57.0800,-027.2800,,7,7.8
77CN,98,B,2014-01-12T18:15,57.0800,-027.2400,,7,8.0
77CN,99,B,2014-01-12T18:20,57.0800,-027.2000,,7,8.0
77CN,100,B,2014-01-12T18:25,57.0800,-027.1600,,7,8.0
77CN,101,B,2014-01-12T18:30,57.0800,-027.1200,,7,8.0
77CN,102,B,2014-01-12T18:35,57.0800,-027.0800,,7,7.8
77CN,103,B,2014-01-12T18:40,57.0800,-027.0300,,7,8.0
77CN,104,B,2014-01-12T18:45,57.0800,-026.9900,,7,7.8
77CN,105,B,2014-01-12T18:50,57.0800,-026.9500,,7,7.7
77CN,106,B,2014-01-12T18:55,57.0800,-026.9100,,7,7.7
77CN,107,B,2014-01-12T19:00,57.0900,-026.8700,,7,7.8
77CN,108,B,2014-01-12T19:05,57.0900,-026.8300,,7,7.8
77CN,109,B,2014-01-12T19:10,57.0900,-026.7900,,7,7.8
77CN,110,B,2014-01-12T19:15,57.0900,-026.7500,,7,8.0
77CN,111,B,2014-01-12T19:20,57.0900,-026.7100,,7,8.1
77CN,112,B,2014-01-12T19:25,57.0900,-026.6600,,7,8.1
77CN,113,B,2014-01-12T19:30,57.0900,-026.6200,,7,8.3
77CN,114,B,2014-01-12T19:35,57.0900,-026.5800,,7,8.3
77CN,115,B,2014-01-12T19:40,57.0900,-026.5400,,7,8.3
77CN,116,B,2014-01-12T19:45,57.0900,-026.5000,,7,8.3
77CN,117,B,2014-01-12T19:50,57.0900,-026.4600,,7,8.3
77CN,118,B,2014-01-12T19:55,57.0900,-026.4200,,7,8.4
77CN,119,B,2014-01-12T20:00,57.0900,-026.3800,,7,8.4
77CN,120,B,2014-01-12T20:05,57.0900,-026.3400,,7,8.3
77CN,121,B,2014-01-12T20:10,57.0900,-026.2900,,7,8.4
77CN,122,B,2014-01-12T20:15,57.0900,-026.2500,,7,8.4
77CN,123,B,2014-01-12T20:20,57.0900,-026.2100,,7,8.4
77CN,124,B,2014-01-12T20:25,57.0900,-026.1700,,7,8.4
77CN,125,B,2014-01-12T20:30,57.0900,-026.1300,,7,8.4
77CN,126,B,2014-01-12T20:35,57.0900,-026.0900,,7,8.4
77CN,127,B,2014-01-12T20:40,57.0900,-026.0500,,7,8.4
77CN,128,B,2014-01-12T20:45,57.1000,-026.0100,,7,8.4
77CN,129,B,2014-01-12T20:50,57.1000,-025.9700,,7,8.4
77CN,130,B,2014-01-12T20:55,57.1000,-025.9200,,7,8.4
77CN,131,B,2014-01-12T21:00,57.1000,-025.8800,,7,8.4
77CN,132,B,2014-01-12T21:05,57.1000,-025.8400,,7,8.4
77CN,133,B,2014-01-12T21:10,57.1000,-025.8000,,7,8.4
77CN,134,B,2014-01-12T21:15,57.1000,-025.7600,,7,8.6
77CN,135,B,2014-01-12T21:20,57.1000,-025.7200,,7,8.7
77CN,136,B,2014-01-12T21:25,57.1000,-025.6800,,7,8.7
77CN,137,B,2014-01-12T21:30,57.1000,-025.6400,,7,8.4
77CN,138,B,2014-01-12T21:35,57.1000,-025.6000,,7,8.3
77CN,139,B,2014-01-12T21:40,57.1000,-025.5600,,7,8.3
77CN,140,B,2014-01-12T21:45,57.1000,-025.5100,,7,8.3
77CN,141,B,2014-01-12T21:50,57.1000,-025.4700,,7,8.1
77CN,142,B,2014-01-12T21:55,57.1000,-025.4300,,7,8.1
77CN,143,B,2014-01-12T22:00,57.1000,-025.3900,,7,8.3
77CN,144,B,2014-01-12T22:05,57.1000,-025.3500,,7,8.6
77CN,145,B,2014-01-12T22:10,57.1000,-025.3100,,7,8.7
77CN,146,B,2014-01-12T22:15,57.1000,-025.2700,,7,9.0
77CN,147,B,2014-01-12T22:20,57.1000,-025.2300,,7,8.7
77CN,148,B,2014-01-12T22:25,57.1100,-025.1900,,7,8.7
77CN,149,B,2014-01-12T22:30,57.1100,-025.1400,,7,9.0
77CN,150,B,2014-01-12T22:35,57.1100,-025.1000,,7,9.0
77CN,151,B,2014-01-12T22:40,57.1100,-025.0600,,7,9.0
77CN,152,B,2014-01-12T22:45,57.1100,-025.0200,,7,8.9
77CN,153,B,2014-01-12T22:50,57.1100,-024.9800,,7,8.9
77CN,154,B,2014-01-12T22:55,57.1100,-024.9400,,7,9.0
77CN,155,B,2014-01-12T23:00,57.1100,-024.9000,,7,9.0
77CN,156,B,2014-01-12T23:05,57.1100,-024.8600,,7,9.2
77CN,157,B,2014-01-12T23:10,57.1100,-024.8200,,7,9.3
77CN,158,B,2014-01-12T23:15,57.1100,-024.7700,,7,9.2
77CN,159,B,2014-01-12T23:20,57.1100,-024.7300,,7,9.2
77CN,160,B,2014-01-12T23:25,57.1100,-024.6900,,7,9.5
77CN,161,B,2014-01-12T23:30,57.1100,-024.6500,,7,9.5
77CN,162,B,2014-01-12T23:35,57.1100,-024.6100,,7,9.5
77CN,163,B,2014-01-12T23:40,57.1100,-024.5700,,7,9.5
77CN,164,B,2014-01-12T23:45,57.1100,-024.5300,,7,9.5
77CN,165,B,2014-01-12T23:50,57.1100,-024.4900,,7,9.5
77CN,166,B,2014-01-12T23:55,57.1100,-024.4500,,7,9.8
77CN,167,B,2014-01-13T00:00,57.1100,-024.4000,,7,9.8
77CN,168,B,2014-01-13T00:05,57.1100,-024.3600,,7,9.9
77CN,169,B,2014-01-13T00:10,57.1200,-024.3200,,7,9.8
77CN,170,B,2014-01-13T00:15,57.1200,-024.2800,,7,9.5
77CN,171,B,2014-01-13T00:20,57.1200,-024.2400,,7,9.5
77CN,172,B,2014-01-13T00:25,57.1200,-024.2000,,7,9.5
77CN,173,B,2014-01-13T00:30,57.1200,-024.1600,,7,9.5
77CN,174,B,2014-01-13T00:35,57.1200,-024.1200,,7,9.5
77CN,175,B,2014-01-13T00:40,57.1200,-024.0800,,7,9.2
77CN,176,B,2014-01-13T00:45,57.1200,-024.0300,,7,9.3
77CN,177,B,2014-01-13T00:50,57.1200,-023.9900,,7,9.2
77CN,178,B,2014-01-13T00:55,57.1200,-023.9500,,7,9.2
77CN,179,B,2014-01-13T01:00,57.1200,-023.9100,,7,9.2
77CN,180,B,2014-01-13T01:05,57.1200,-023.8700,,7,9.2
77CN,181,B,2014-01-13T01:10,57.1200,-023.8300,,7,9.2
77CN,182,B,2014-01-13T01:15,57.1200,-023.7900,,7,9.2
77CN,183,B,2014-01-13T01:20,57.1200,-023.7500,,7,9.2
77CN,184,B,2014-01-13T01:25,57.1200,-023.7100,,7,9.8
77CN,185,B,2014-01-13T01:30,57.1200,-023.6600,,7,9.9
77CN,186,B,2014-01-13T01:35,57.1200,-023.6200,,7,9.9
77CN,187,B,2014-01-13T01:40,57.1200,-023.5800,,7,9.9
77CN,188,B,2014-01-13T01:45,57.1200,-023.5400,,7,9.9
77CN,189,B,2014-01-13T01:50,57.1200,-023.5000,,7,9.8
77CN,190,B,2014-01-13T01:55,57.1300,-023.4600,,7,9.3
77CN,191,B,2014-01-13T02:00,57.1300,-023.4200,,7,10.1
77CN,192,B,2014-01-13T02:05,57.1300,-023.3800,,7,9.9
77CN,193,B,2014-01-13T02:10,57.1300,-023.3400,,7,10.1
77CN,194,B,2014-01-13T02:15,57.1300,-023.3000,,7,10.1
77CN,195,B,2014-01-13T02:20,57.1300,-023.2500,,7,10.1
77CN,196,B,2014-01-13T02:25,57.1300,-023.2100,,7,10.2
77CN,197,B,2014-01-13T02:30,57.1300,-023.1700,,7,10.2
77CN,198,B,2014-01-13T02:35,57.1300,-023.1300,,7,10.2
77CN,199,B,2014-01-13T02:40,57.1300,-023.0900,,7,10.2
77CN,200,B,2014-01-13T02:45,57.1300,-023.0500,,7,10.2
77CN,201,B,2014-01-13T02:50,57.1300,-023.0100,,7,9.9
77CN,202,B,2014-01-13T02:55,57.1300,-022.9700,,7,9.9
77CN,203,B,2014-01-13T03:00,57.1300,-022.9300,,7,9.8
77CN,204,B,2014-01-13T03:05,57.1300,-022.8800,,7,9.8
77CN,205,B,2014-01-13T03:10,57.1300,-022.8400,,7,9.8
77CN,206,B,2014-01-13T03:15,57.1300,-022.8000,,7,9.9
77CN,207,B,2014-01-13T03:20,57.1300,-022.7600,,7,9.9
77CN,208,B,2014-01-13T03:25,57.1300,-022.7200,,7,9.9
77CN,209,B,2014-01-13T03:30,57.1300,-022.6800,,7,9.9
77CN,210,B,2014-01-13T03:35,57.1400,-022.6400,,7,9.8
77CN,211,B,2014-01-13T03:40,57.1400,-022.6000,,7,9.8
77CN,212,B,2014-01-13T03:45,57.1400,-022.5600,,7,9.3
77CN,213,B,2014-01-13T03:50,57.1400,-022.5100,,7,9.5
77CN,214,B,2014-01-13T03:55,57.1400,-022.4700,,7,9.6
77CN,215,B,2014-01-13T04:00,57.1400,-022.4300,,7,9.6
77CN,216,B,2014-01-13T04:05,57.1400,-022.3900,,7,9.5
77CN,217,B,2014-01-13T04:10,57.1400,-022.3500,,7,9.2
77CN,218,B,2014-01-13T04:15,57.1400,-022.3100,,7,9.3
77CN,219,B,2014-01-13T04:20,57.1400,-022.2700,,7,9.2
77CN,220,B,2014-01-13T04:25,57.1400,-022.2300,,7,9.2
77CN,221,B,2014-01-13T04:30,57.1400,-022.1900,,7,9.2
77CN,222,B,2014-01-13T04:35,57.1400,-022.1400,,7,9.6
77CN,223,B,2014-01-13T04:40,57.1400,-022.1000,,7,9.6
77CN,224,B,2014-01-13T04:45,57.1400,-022.0600,,7,9.5
77CN,225,B,2014-01-13T04:50,57.1400,-022.0200,,7,9.6
77CN,226,B,2014-01-13T04:55,57.1400,-021.9800,,7,9.6
77CN,227,B,2014-01-13T05:00,57.1400,-021.9400,,7,9.8
77CN,228,B,2014-01-13T05:05,57.1400,-021.9000,,7,9.9
77CN,229,B,2014-01-13T05:10,57.1400,-021.8600,,7,10.2
77CN,230,B,2014-01-13T05:15,57.1400,-021.8200,,7,10.2
77CN,231,B,2014-01-13T05:20,57.1500,-021.7700,,7,9.9
77CN,232,B,2014-01-13T05:25,57.1500,-021.7300,,7,10.2
77CN,233,B,2014-01-13T05:30,57.1500,-021.6900,,7,10.2
77CN,234,B,2014-01-13T05:35,57.1500,-021.6500,,7,10.1
77CN,235,B,2014-01-13T05:40,57.1500,-021.6100,,7,10.1
77CN,236,B,2014-01-13T05:45,57.1500,-021.5700,,7,10.2
77CN,237,B,2014-01-13T05:50,57.1500,-021.5300,,7,10.2
77CN,238,B,2014-01-13T05:55,57.1500,-021.4900,,7,9.9
77CN,239,B,2014-01-13T06:00,57.1500,-021.4500,,7,9.9
77CN,240,B,2014-01-13T06:05,57.1500,-021.4000,,7,9.8
77CN,241,B,2014-01-13T06:10,57.1500,-021.3600,,7,9.8
77CN,242,B,2014-01-13T06:15,57.1500,-021.3200,,7,9.9
77CN,243,B,2014-01-13T06:20,57.1500,-021.2800,,7,9.9
77CN,244,B,2014-01-13T06:25,57.1500,-021.2400,,7,9.9
77CN,245,B,2014-01-13T06:30,57.1500,-021.2000,,7,9.9
77CN,246,B,2014-01-13T06:35,57.1500,-021.1600,,7,9.9
77CN,247,B,2014-01-13T06:40,57.1500,-021.1200,,7,9.9
77CN,248,B,2014-01-13T06:45,57.1500,-021.0800,,7,10.2
77CN,249,B,2014-01-13T06:50,57.1500,-021.0400,,7,10.2
77CN,250,B,2014-01-13T06:55,57.1500,-020.9900,,7,10.2
77CN,251,B,2014-01-13T07:00,57.1600,-020.9500,,7,10.2
77CN,252,B,2014-01-13T07:05,57.1600,-020.9100,,7,10.1
77CN,253,B,2014-01-13T07:10,57.1600,-020.8700,,7,9.9
77CN,254,B,2014-01-13T07:15,57.1600,-020.8300,,7,10.2
77CN,255,B,2014-01-13T07:20,57.1600,-020.7900,,7,10.2
77CN,256,B,2014-01-13T07:25,57.1600,-020.7500,,7,10.2
77CN,257,B,2014-01-13T07:30,57.1600,-020.7100,,7,10.2
77CN,258,B,2014-01-13T07:35,57.1600,-020.6700,,7,10.1
77CN,259,B,2014-01-13T07:40,57.1600,-020.6200,,7,10.2
77CN,260,B,2014-01-13T07:45,57.1600,-020.5800,,7,10.2
77CN,261,B,2014-01-13T07:50,57.1600,-020.5400,,7,10.2
77CN,262,B,2014-01-13T07:55,57.1600,-020.5000,,7,10.2
77CN,263,B,2014-01-13T08:00,57.1600,-020.4600,,7,10.2
77CN,264,B,2014-01-13T08:05,57.1600,-020.4200,,7,10.2
77CN,265,B,2014-01-13T08:10,57.1600,-020.3800,,7,10.2
77CN,266,B,2014-01-13T08:15,57.1600,-020.3400,,7,10.2
77CN,267,B,2014-01-13T08:20,57.1600,-020.3000,,7,10.2
77CN,268,B,2014-01-13T08:25,57.1600,-020.2500,,7,10.2
77CN,269,B,2014-01-13T08:30,57.1600,-020.2100,,7,9.9
77CN,270,B,2014-01-13T08:35,57.1600,-020.1700,,7,9.9
77CN,271,B,2014-01-13T08:40,57.1600,-020.1300,,7,9.9
77CN,272,B,2014-01-13T08:45,57.1700,-020.0900,,7,9.9
77CN,273,B,2014-01-13T08:50,57.1700,-020.0500,,7,9.9
77CN,274,B,2014-01-13T08:55,57.1700,-020.0100,,7,9.9
77CN,275,B,2014-01-13T09:00,57.1700,-019.9700,,7,9.6
77CN,276,B,2014-01-13T09:30,57.1600,-019.6700,,7,10.4
77CN,277,B,2014-01-13T09:35,57.1600,-019.6400,,7,10.4
77CN,278,B,2014-01-13T09:40,57.1600,-019.6000,,7,10.4
77CN,279,B,2014-01-13T09:45,57.1500,-019.5700,,7,10.4
77CN,280,B,2014-01-13T09:50,57.1500,-019.5400,,7,10.4
77CN,281,B,2014-01-13T09:55,57.1400,-019.5000,,7,10.2
77CN,282,B,2014-01-13T10:00,57.1400,-019.4700,,7,10.1
77CN,283,B,2014-01-13T10:05,57.1400,-019.4300,,7,10.1
77CN,284,B,2014-01-13T10:10,57.1300,-019.4000,,7,10.2
77CN,285,B,2014-01-13T10:15,57.1300,-019.3700,,7,9.9
77CN,286,B,2014-01-13T10:20,57.1200,-019.3300,,7,10.1
77CN,287,B,2014-01-13T10:25,57.1200,-019.3000,,7,9.9
77CN,288,B,2014-01-13T10:30,57.1100,-019.2700,,7,9.9
77CN,289,B,2014-01-13T10:35,57.1100,-019.2300,,7,9.9
77CN,290,B,2014-01-13T10:40,57.1100,-019.2000,,7,9.9
77CN,291,B,2014-01-13T10:45,57.1000,-019.1700,,7,9.8
77CN,292,B,2014-01-13T10:50,57.1000,-019.1300,,7,9.8
77CN,293,B,2014-01-13T10:55,57.0900,-019.1000,,7,9.8
77CN,294,B,2014-01-13T11:00,57.0900,-019.0600,,7,9.8
77CN,295,B,2014-01-13T11:05,57.0800,-019.0300,,7,9.8
77CN,296,B,2014-01-13T11:10,57.0800,-019.0000,,7,9.8
77CN,297,B,2014-01-13T11:15,57.0800,-018.9600,,7,9.8
77CN,298,B,2014-01-13T11:20,57.0700,-018.9300,,7,9.8
77CN,299,B,2014-01-13T11:25,57.0700,-018.9000,,7,9.9
77CN,300,B,2014-01-13T11:30,57.0600,-018.8600,,7,9.9
77CN,301,B,2014-01-13T11:35,57.0600,-018.8300,,7,9.9
77CN,302,B,2014-01-13T11:40,57.0500,-018.7900,,7,9.9
77CN,303,B,2014-01-13T11:45,57.0500,-018.7600,,7,9.9
77CN,304,B,2014-01-13T11:50,57.0500,-018.7300,,7,9.9
77CN,305,B,2014-01-13T11:55,57.0400,-018.6900,,7,9.9
77CN,306,B,2014-01-13T12:00,57.0400,-018.6600,,7,9.9
77CN,307,B,2014-01-13T12:05,57.0300,-018.6300,,7,9.9
77CN,308,B,2014-01-13T12:10,57.0300,-018.5900,,7,9.8
77CN,309,B,2014-01-13T12:15,57.0200,-018.5600,,7,9.9
77CN,310,B,2014-01-13T12:20,57.0200,-018.5300,,7,9.8
77CN,311,B,2014-01-13T12:25,57.0200,-018.4900,,7,9.9
77CN,312,B,2014-01-13T12:30,57.0100,-018.4600,,7,9.8
77CN,313,B,2014-01-13T12:35,57.0100,-018.4200,,7,9.8
77CN,314,B,2014-01-13T12:40,57.0000,-018.3900,,7,9.9
77CN,315,B,2014-01-13T12:45,57.0000,-018.3600,,7,9.8
77CN,316,B,2014-01-13T12:50,57.0000,-018.3200,,7,9.8
77CN,317,B,2014-01-13T12:55,56.9900,-018.2900,,7,9.8
77CN,318,B,2014-01-13T13:00,56.9900,-018.2600,,7,9.8
77CN,319,B,2014-01-13T13:05,56.9800,-018.2200,,7,9.8
77CN,320,B,2014-01-13T13:10,56.9800,-018.1900,,7,9.8
77CN,321,B,2014-01-13T13:15,56.9700,-018.1600,,7,9.8
77CN,322,B,2014-01-13T13:20,56.9700,-018.1200,,7,9.8
77CN,323,B,2014-01-13T13:25,56.9700,-018.0900,,7,9.9
77CN,324,B,2014-01-13T13:30,56.9600,-018.0500,,7,9.9
77CN,325,B,2014-01-13T13:35,56.9600,-018.0200,,7,9.9
77CN,326,B,2014-01-13T13:40,56.9500,-017.9900,,7,9.8
77CN,327,B,2014-01-13T13:45,56.9500,-017.9500,,7,9.9
77CN,328,B,2014-01-13T13:50,56.9400,-017.9200,,7,9.8
77CN,329,B,2014-01-13T13:55,56.9400,-017.8900,,7,9.8
77CN,330,B,2014-01-13T14:00,56.9400,-017.8500,,7,9.9
77CN,331,B,2014-01-13T14:05,56.9300,-017.8200,,7,9.9
77CN,332,B,2014-01-13T14:10,56.9300,-017.7900,,7,9.9
77CN,333,B,2014-01-13T14:15,56.9200,-017.7500,,7,9.9
77CN,334,B,2014-01-13T14:20,56.9200,-017.7200,,7,9.9
77CN,335,B,2014-01-13T14:25,56.9100,-017.6800,,7,9.9
77CN,336,B,2014-01-13T14:30,56.9100,-017.6500,,7,9.9
77CN,337,B,2014-01-13T14:35,56.9100,-017.6200,,7,9.9
77CN,338,B,2014-01-13T14:40,56.9000,-017.5800,,7,9.8
77CN,339,B,2014-01-13T14:45,56.9000,-017.5500,,7,9.8
77CN,340,B,2014-01-13T14:50,56.8900,-017.5200,,7,9.9
77CN,341,B,2014-01-13T14:55,56.8900,-017.4800,,7,10.2
77CN,342,B,2014-01-13T15:00,56.8800,-017.4500,,7,10.2
77CN,343,B,2014-01-13T15:05,56.8800,-017.4100,,7,10.2
77CN,344,B,2014-01-13T15:10,56.8800,-017.3800,,7,10.2
77CN,345,B,2014-01-13T15:15,56.8700,-017.3500,,7,10.1
77CN,346,B,2014-01-13T15:20,56.8700,-017.3100,,7,10.1
77CN,347,B,2014-01-13T15:25,56.8600,-017.2800,,7,10.1
77CN,348,B,2014-01-13T15:30,56.8600,-017.2500,,7,9.9
77CN,349,B,2014-01-13T15:35,56.8500,-017.2100,,7,10.2
77CN,350,B,2014-01-13T15:40,56.8500,-017.1800,,7,10.1
77CN,351,B,2014-01-13T15:45,56.8500,-017.1500,,7,10.1
77CN,352,B,2014-01-13T15:50,56.8400,-017.1100,,7,10.2
77CN,353,B,2014-01-13T15:55,56.8400,-017.0800,,7,10.2
77CN,354,B,2014-01-13T16:00,56.8300,-017.0400,,7,10.2
77CN,355,B,2014-01-13T16:05,56.8300,-017.0100,,7,10.2
77CN,356,B,2014-01-13T16:10,56.8300,-016.9800,,7,10.2
77CN,357,B,2014-01-13T16:15,56.8200,-016.9400,,7,10.2
77CN,358,B,2014-01-13T16:20,56.8200,-016.9100,,7,10.2
77CN,359,B,2014-01-13T16:25,56.8100,-016.8800,,7,10.2
77CN,360,B,2014-01-13T16:30,56.8100,-016.8400,,7,10.2
77CN,361,B,2014-01-13T16:35,56.8000,-016.8100,,7,10.2
77CN,362,B,2014-01-13T16:40,56.8000,-016.7800,,7,10.2
77CN,363,B,2014-01-13T16:45,56.8000,-016.7400,,7,10.2
77CN,364,B,2014-01-13T16:50,56.7900,-016.7100,,7,10.2
77CN,365,B,2014-01-13T16:55,56.7900,-016.6700,,7,10.2
77CN,366,B,2014-01-13T17:00,56.7800,-016.6400,,7,10.2
77CN,367,B,2014-01-13T17:05,56.7800,-016.6100,,7,10.2
77CN,368,B,2014-01-13T17:10,56.7700,-016.5700,,7,10.2
77CN,369,B,2014-01-13T17:15,56.7700,-016.5400,,7,10.2
77CN,370,B,2014-01-13T17:20,56.7700,-016.5100,,7,10.2
77CN,371,B,2014-01-13T17:25,56.7600,-016.4700,,7,9.9
77CN,372,B,2014-01-13T17:30,56.7600,-016.4400,,7,9.9
77CN,373,B,2014-01-13T17:35,56.7500,-016.4100,,7,9.9
77CN,374,B,2014-01-13T17:40,56.7500,-016.3700,,7,9.9
77CN,375,B,2014-01-13T17:45,56.7400,-016.3400,,7,9.9
77CN,376,B,2014-01-13T17:50,56.7400,-016.3000,,7,9.9
77CN,377,B,2014-01-13T17:55,56.7400,-016.2700,,7,10.1
77CN,378,B,2014-01-13T18:00,56.7300,-016.2400,,7,9.9
77CN,379,B,2014-01-13T18:05,56.7300,-016.2000,,7,9.9
77CN,380,B,2014-01-13T18:10,56.7200,-016.1700,,7,9.9
77CN,381,B,2014-01-13T18:15,56.7200,-016.1400,,7,9.9
77CN,382,B,2014-01-13T18:20,56.7100,-016.1000,,7,10.1
77CN,383,B,2014-01-13T18:25,56.7100,-016.0700,,7,9.9
77CN,384,B,2014-01-13T18:30,56.7100,-016.0300,,7,9.9
77CN,385,B,2014-01-13T18:35,56.7000,-016.0000,,7,10.1
77CN,386,B,2014-01-13T18:40,56.7000,-015.9700,,7,10.1
77CN,387,B,2014-01-13T18:45,56.6900,-015.9300,,7,10.2
77CN,388,B,2014-01-13T18:50,56.6900,-015.9000,,7,10.1
77CN,389,B,2014-01-13T18:55,56.6900,-015.8700,,7,10.2
77CN,390,B,2014-01-13T19:00,56.6800,-015.8300,,7,10.2
77CN,391,B,2014-01-13T19:05,56.6800,-015.8000,,7,10.2
77CN,392,B,2014-01-13T19:10,56.6700,-015.7700,,7,10.1
77CN,393,B,2014-01-13T19:15,56.6700,-015.7300,,7,10.2
77CN,394,B,2014-01-13T19:20,56.6600,-015.7000,,7,10.2
77CN,395,B,2014-01-13T19:25,56.6600,-015.6600,,7,10.2
77CN,396,B,2014-01-13T19:30,56.6600,-015.6300,,7,10.1
77CN,397,B,2014-01-13T19:35,56.6500,-015.6000,,7,10.1
77CN,398,B,2014-01-13T19:40,56.6500,-015.5600,,7,10.2
77CN,399,B,2014-01-13T19:45,56.6400,-015.5300,,7,10.2
77CN,400,B,2014-01-13T19:50,56.6400,-015.5000,,7,10.1
77CN,401,B,2014-01-13T19:55,56.6300,-015.4600,,7,9.9
77CN,402,B,2014-01-13T20:00,56.6300,-015.4300,,7,10.1
77CN,403,B,2014-01-13T20:05,56.6300,-015.4000,,7,9.9
77CN,404,B,2014-01-13T20:10,56.6200,-015.3600,,7,9.8
77CN,405,B,2014-01-13T20:15,56.6200,-015.3300,,7,9.8
77CN,406,B,2014-01-13T20:20,56.6100,-015.2900,,7,9.8
77CN,407,B,2014-01-13T20:25,56.6100,-015.2600,,7,9.8
77CN,408,B,2014-01-13T20:30,56.6000,-015.2300,,7,9.8
77CN,409,B,2014-01-13T20:35,56.6000,-015.1900,,7,9.8
77CN,410,B,2014-01-13T20:40,56.6000,-015.1600,,7,9.8
77CN,411,B,2014-01-13T20:45,56.5900,-015.1300,,7,9.8
77CN,412,B,2014-01-13T20:50,56.5900,-015.0900,,7,9.8
77CN,413,B,2014-01-13T20:55,56.5800,-015.0600,,7,9.6
77CN,414,B,2014-01-13T21:00,56.5800,-015.0300,,7,9.6
77CN,415,B,2014-01-13T21:05,56.5700,-014.9900,,7,9.5
77CN,416,B,2014-01-13T21:10,56.5700,-014.9600,,7,9.5
77CN,417,B,2014-01-13T21:15,56.5700,-014.9200,,7,9.3
77CN,418,B,2014-01-13T21:20,56.5600,-014.8900,,7,9.2
77CN,419,B,2014-01-13T21:25,56.5600,-014.8600,,7,9.0
77CN,420,B,2014-01-13T21:30,56.5500,-014.8200,,7,9.2
77CN,421,B,2014-01-13T21:35,56.5500,-014.7900,,7,9.2
77CN,422,B,2014-01-13T21:40,56.5400,-014.7600,,7,9.2
77CN,423,B,2014-01-13T21:45,56.5400,-014.7200,,7,8.9
77CN,424,B,2014-01-13T21:50,56.5400,-014.6900,,7,8.7
77CN,425,B,2014-01-13T21:55,56.5300,-014.6600,,7,8.7
77CN,426,B,2014-01-13T22:00,56.5300,-014.6200,,7,8.7
77CN,427,B,2014-01-13T22:05,56.5200,-014.5900,,7,8.6
77CN,428,B,2014-01-13T22:10,56.5200,-014.5500,,7,8.7
77CN,429,B,2014-01-13T22:15,56.5200,-014.5200,,7,8.7
77CN,430,B,2014-01-13T22:20,56.5100,-014.4900,,7,8.6
77CN,431,B,2014-01-13T22:25,56.5100,-014.4500,,7,8.7
77CN,432,B,2014-01-13T22:30,56.5000,-014.4200,,7,9.0
77CN,433,B,2014-01-13T22:35,56.5000,-014.3900,,7,9.0
77CN,434,B,2014-01-13T22:40,56.4900,-014.3500,,7,8.9
77CN,435,B,2014-01-13T22:45,56.4900,-014.3200,,7,9.2
77CN,436,B,2014-01-13T22:50,56.4900,-014.2800,,7,9.8
77CN,437,B,2014-01-13T22:55,56.4800,-014.2500,,7,9.6
77CN,438,B,2014-01-13T23:00,56.4800,-014.2200,,7,9.8
77CN,439,B,2014-01-13T23:05,56.4700,-014.1800,,7,9.8
77CN,440,B,2014-01-13T23:10,56.4700,-014.1500,,7,9.8
77CN,441,B,2014-01-13T23:15,56.4600,-014.1200,,7,9.6
77CN,442,B,2014-01-13T23:20,56.4600,-014.0800,,7,9.8
77CN,443,B,2014-01-13T23:25,56.4600,-014.0500,,7,9.8
77CN,444,B,2014-01-13T23:30,56.4500,-014.0200,,7,9.8
77CN,445,B,2014-01-13T23:35,56.4500,-013.9800,,7,9.6
77CN,446,B,2014-01-13T23:40,56.4400,-013.9500,,7,9.8
77CN,447,B,2014-01-13T23:45,56.4400,-013.9100,,7,9.8
77CN,448,B,2014-01-13T23:50,56.4300,-013.8800,,7,9.9
77CN,449,B,2014-01-13T23:55,56.4300,-013.8500,,7,9.9
77CN,450,B,2014-01-14T00:00,56.4300,-013.8100,,7,9.9
77CN,451,B,2014-01-14T00:05,56.4200,-013.7800,,7,9.8
77CN,452,B,2014-01-14T00:10,56.4200,-013.7500,,7,9.8
77CN,453,B,2014-01-14T00:15,56.4100,-013.7100,,7,9.8
77CN,454,B,2014-01-14T00:20,56.4100,-013.6800,,7,9.8
77CN,455,B,2014-01-14T00:25,56.4000,-013.6500,,7,9.9
77CN,456,B,2014-01-14T00:30,56.4000,-013.6100,,7,9.9
77CN,457,B,2014-01-14T00:35,56.4000,-013.5800,,7,9.9
77CN,458,B,2014-01-14T00:40,56.3900,-013.5400,,7,9.9
77CN,459,B,2014-01-14T00:45,56.3900,-013.5100,,7,10.1
77CN,460,B,2014-01-14T00:50,56.3800,-013.4800,,7,10.2
77CN,461,B,2014-01-14T00:55,56.3800,-013.4400,,7,10.2
77CN,462,B,2014-01-14T01:00,56.3700,-013.4100,,7,10.2
77CN,463,B,2014-01-14T01:05,56.3700,-013.3800,,7,9.9
77CN,464,B,2014-01-14T01:10,56.3700,-013.3400,,7,9.9
77CN,465,B,2014-01-14T01:15,56.3600,-013.3100,,7,9.9
77CN,466,B,2014-01-14T01:20,56.3600,-013.2800,,7,10.2
77CN,467,B,2014-01-14T01:25,56.3500,-013.2400,,7,10.2
77CN,468,B,2014-01-14T01:30,56.3500,-013.2100,,7,10.2
77CN,469,B,2014-01-14T01:35,56.3500,-013.1700,,7,10.2
77CN,470,B,2014-01-14T01:40,56.3400,-013.1400,,7,10.2
77CN,471,B,2014-01-14T01:45,56.3400,-013.1100,,7,10.2
77CN,472,B,2014-01-14T01:50,56.3300,-013.0700,,7,10.2
77CN,473,B,2014-01-14T01:55,56.3300,-013.0400,,7,10.2
77CN,474,B,2014-01-14T02:00,56.3200,-013.0100,,7,10.2
77CN,475,B,2014-01-14T02:05,56.3200,-012.9700,,7,10.2
77CN,476,B,2014-01-14T02:10,56.3200,-012.9400,,7,10.2
77CN,477,B,2014-01-14T02:15,56.3100,-012.9000,,7,10.2
77CN,478,B,2014-01-14T02:20,56.3100,-012.8700,,7,10.2
77CN,479,B,2014-01-14T02:25,56.3000,-012.8400,,7,10.2
77CN,480,B,2014-01-14T02:30,56.3000,-012.8000,,7,10.2
77CN,481,B,2014-01-14T02:35,56.2900,-012.7700,,7,10.2
77CN,482,B,2014-01-14T02:40,56.2900,-012.7400,,7,10.2
77CN,483,B,2014-01-14T02:45,56.2900,-012.7000,,7,10.2
77CN,484,B,2014-01-14T02:50,56.2800,-012.6700,,7,10.2
77CN,485,B,2014-01-14T02:55,56.2800,-012.6400,,7,10.2
77CN,486,B,2014-01-14T03:00,56.2700,-012.6000,,7,10.2
77CN,487,B,2014-01-14T03:05,56.2700,-012.5700,,7,10.2
77CN,488,B,2014-01-14T03:10,56.2600,-012.5300,,7,10.2
77CN,489,B,2014-01-14T03:15,56.2600,-012.5000,,7,10.2
77CN,490,B,2014-01-14T03:20,56.2600,-012.4700,,7,10.1
77CN,491,B,2014-01-14T03:25,56.2500,-012.4300,,7,9.9
77CN,492,B,2014-01-14T03:30,56.2500,-012.4000,,7,10.2
77CN,493,B,2014-01-14T03:35,56.2400,-012.3700,,7,10.2
77CN,494,B,2014-01-14T03:40,56.2400,-012.3300,,7,10.2
77CN,495,B,2014-01-14T03:45,56.2300,-012.3000,,7,10.2
77CN,496,B,2014-01-14T03:50,56.2300,-012.2700,,7,10.2
77CN,497,B,2014-01-14T03:55,56.2300,-012.2300,,7,10.2
77CN,498,B,2014-01-14T04:00,56.2200,-012.2000,,7,10.2
77CN,499,B,2014-01-14T04:05,56.2200,-012.1600,,7,10.2
77CN,500,B,2014-01-14T04:10,56.2100,-012.1300,,7,10.2
77CN,501,B,2014-01-14T04:15,56.2100,-012.1000,,7,10.4
77CN,502,B,2014-01-14T04:20,56.2100,-012.0600,,7,10.4
77CN,503,B,2014-01-14T04:25,56.2000,-012.0300,,7,10.4
77CN,504,B,2014-01-14T04:30,56.2000,-012.0000,,7,10.4
77CN,505,B,2014-01-14T04:35,56.1900,-011.9600,,7,10.4
77CN,506,B,2014-01-14T04:40,56.1900,-011.9300,,7,10.2
77CN,507,B,2014-01-14T04:45,56.1800,-011.9000,,7,10.2
77CN,508,B,2014-01-14T04:50,56.1800,-011.8600,,7,10.4
77CN,509,B,2014-01-14T04:55,56.1800,-011.8300,,7,10.2
77CN,510,B,2014-01-14T05:00,56.1700,-011.7900,,7,10.2
77CN,511,B,2014-01-14T05:05,56.1700,-011.7600,,7,10.2
77CN,512,B,2014-01-14T05:10,56.1600,-011.7300,,7,10.2
77CN,513,B,2014-01-14T05:15,56.1600,-011.6900,,7,10.2
77CN,514,B,2014-01-14T05:20,56.1500,-011.6600,,7,10.1
77CN,515,B,2014-01-14T05:25,56.1500,-011.6300,,7,10.2
77CN,516,B,2014-01-14T05:30,56.1500,-011.5900,,7,10.2
77CN,517,B,2014-01-14T05:35,56.1400,-011.5600,,7,10.2
77CN,518,B,2014-01-14T05:40,56.1400,-011.5200,,7,10.2
77CN,519,B,2014-01-14T05:45,56.1300,-011.4900,,7,10.2
77CN,520,B,2014-01-14T05:50,56.1300,-011.4600,,7,10.2
77CN,521,B,2014-01-14T05:55,56.1200,-011.4200,,7,10.2
77CN,522,B,2014-01-14T06:00,56.1200,-011.3900,,7,10.2
77CN,523,B,2014-01-14T06:05,56.1200,-011.3600,,7,10.2
77CN,524,B,2014-01-14T06:10,56.1100,-011.3200,,7,10.2
77CN,525,B,2014-01-14T06:15,56.1100,-011.2900,,7,10.2
77CN,526,B,2014-01-14T06:20,56.1000,-011.2600,,7,10.2
77CN,527,B,2014-01-14T06:25,56.1000,-011.2200,,7,10.2
77CN,528,B,2014-01-14T06:30,56.0900,-011.1900,,7,10.2
77CN,529,B,2014-01-14T06:35,56.0900,-011.1500,,7,10.2
77CN,530,B,2014-01-14T06:40,56.0900,-011.1200,,7,10.2
77CN,531,B,2014-01-14T06:45,56.0800,-011.0900,,7,10.2
77CN,532,B,2014-01-14T06:50,56.0800,-011.0500,,7,10.2
77CN,533,B,2014-01-14T06:55,56.0700,-011.0200,,7,10.2
77CN,534,B,2014-01-14T07:00,56.0700,-010.9900,,7,10.2
77CN,535,B,2014-01-14T07:05,56.0600,-010.9500,,7,10.4
77CN,536,B,2014-01-14T07:10,56.0600,-010.9200,,7,10.4
77CN,537,B,2014-01-14T07:15,56.0600,-010.8900,,7,10.4
77CN,538,B,2014-01-14T07:20,56.0500,-010.8500,,7,10.4
77CN,539,B,2014-01-14T07:25,56.0500,-010.8200,,7,10.4
77CN,540,B,2014-01-14T07:30,56.0400,-010.7800,,7,10.2
77CN,541,B,2014-01-14T07:35,56.0400,-010.7500,,7,10.2
77CN,542,B,2014-01-14T07:40,56.0400,-010.7200,,7,10.2
77CN,543,B,2014-01-14T07:45,56.0300,-010.6800,,7,10.2
77CN,544,B,2014-01-14T07:50,56.0300,-010.6500,,7,10.2
77CN,545,B,2014-01-14T07:55,56.0200,-010.6200,,7,10.2
77CN,546,B,2014-01-14T08:00,56.0200,-010.5800,,7,10.1
77CN,547,B,2014-01-14T08:05,56.0100,-010.5500,,7,9.9
77CN,548,B,2014-01-14T08:10,56.0100,-010.5200,,7,9.9
77CN,549,B,2014-01-14T08:15,56.0100,-010.4800,,7,9.9
77CN,550,B,2014-01-14T08:20,56.0000,-010.4500,,7,9.9
77CN,551,B,2014-01-14T08:25,56.0000,-010.4100,,7,9.8
77CN,552,B,2014-01-14T08:30,55.9900,-010.3800,,7,9.9
77CN,553,B,2014-01-14T08:35,55.9900,-010.3500,,7,9.8
77CN,554,B,2014-01-14T08:40,55.9800,-010.3100,,7,9.8
77CN,555,B,2014-01-14T08:45,55.9800,-010.2800,,7,9.9
77CN,556,B,2014-01-14T08:50,55.9800,-010.2500,,7,9.9
77CN,557,B,2014-01-14T08:55,55.9700,-010.2100,,7,9.9
77CN,558,B,2014-01-14T09:00,55.9700,-010.1800,,7,9.9
77CN,559,B,2014-01-14T09:05,55.9600,-010.1500,,7,10.1
77CN,560,B,2014-01-14T09:10,55.9600,-010.1100,,7,9.9
77CN,561,B,2014-01-14T09:15,55.9500,-010.0800,,7,9.9
77CN,562,B,2014-01-14T09:20,55.9500,-010.0400,,7,9.9
77CN,563,B,2014-01-14T09:25,55.9500,-010.0100,,7,10.1
77CN,564,B,2014-01-14T09:30,55.9400,-009.9800,,7,10.1
77CN,565,B,2014-01-14T09:35,55.9400,-009.9400,,7,9.9
77CN,566,B,2014-01-14T09:40,55.9300,-009.9100,,7,9.9
77CN,567,B,2014-01-14T09:45,55.9300,-009.8800,,7,9.9
77CN,568,B,2014-01-14T09:50,55.9200,-009.8400,,7,9.9
77CN,569,B,2014-01-14T09:55,55.9200,-009.8100,,7,10.1
77CN,570,B,2014-01-14T10:00,55.9200,-009.7700,,7,10.1
77CN,571,B,2014-01-14T10:05,55.9100,-009.7400,,7,10.2
77CN,572,B,2014-01-14T10:10,55.9100,-009.7100,,7,10.2
77CN,573,B,2014-01-14T10:15,55.9000,-009.6700,,7,10.2
77CN,574,B,2014-01-14T10:20,55.9000,-009.6400,,7,10.2
77CN,575,B,2014-01-14T10:25,55.8900,-009.6100,,7,10.2
77CN,576,B,2014-01-14T10:30,55.8900,-009.5700,,7,10.2
77CN,577,B,2014-01-14T10:35,55.8900,-009.5400,,7,10.2
77CN,578,B,2014-01-14T10:40,55.8800,-009.5100,,7,10.2
77CN,579,B,2014-01-14T10:45,55.8800,-009.4700,,7,10.2
77CN,580,B,2014-01-14T10:50,55.8700,-009.4400,,7,10.2
77CN,581,B,2014-01-14T10:55,55.8700,-009.4000,,7,10.2
77CN,582,B,2014-01-14T11:00,55.8700,-009.3700,,7,10.2
77CN,583,B,2014-01-14T11:05,55.8600,-009.3400,,7,10.2
77CN,584,B,2014-01-14T11:10,55.8600,-009.3000,,7,10.2
77CN,585,B,2014-01-14T11:15,55.8500,-009.2700,,7,10.2
77CN,586,B,2014-01-14T11:20,55.8500,-009.2400,,7,10.2
77CN,587,B,2014-01-14T11:25,55.8400,-009.2000,,7,10.2
77CN,588,B,2014-01-14T11:30,55.8400,-009.1700,,7,10.2
77CN,589,B,2014-01-14T11:35,55.8400,-009.1400,,7,10.2
77CN,590,B,2014-01-14T11:40,55.8300,-009.1000,,7,10.2
77CN,591,B,2014-01-14T11:45,55.8300,-009.0700,,7,10.2
77CN,592,B,2014-01-14T11:50,55.8200,-009.0300,,7,10.1
77CN,593,B,2014-01-14T11:55,55.8200,-009.0000,,7,10.2
77CN,594,B,2014-01-14T12:00,55.8100,-008.9700,,7,10.2
77CN,595,B,2014-01-14T12:05,55.8100,-008.9300,,7,10.1
77CN,596,B,2014-01-14T12:10,55.8100,-008.9000,,7,10.1
77CN,597,B,2014-01-14T12:15,55.8000,-008.8700,,7,10.1
77CN,598,B,2014-01-14T12:20,55.8000,-008.8300,,7,10.2
77CN,599,B,2014-01-14T12:25,55.7900,-008.8000,,7,10.2
77CN,600,B,2014-01-14T12:30,55.7900,-008.7700,,7,10.2
77CN,601,B,2014-01-14T12:35,55.7800,-008.7300,,7,9.9
77CN,602,B,2014-01-14T12:40,55.7800,-008.7000,,7,10.1
77CN,603,B,2014-01-14T12:45,55.7800,-008.6600,,7,9.9
77CN,604,B,2014-01-14T12:50,55.7700,-008.6300,,7,9.9
77CN,605,B,2014-01-14T12:55,55.7700,-008.6000,,7,9.9
77CN,606,B,2014-01-14T13:00,55.7600,-008.5600,,7,9.9
77CN,607,B,2014-01-14T13:05,55.7600,-008.5300,,7,9.9
77CN,608,B,2014-01-14T13:10,55.7500,-008.5000,,7,9.9
77CN,609,B,2014-01-14T13:15,55.7500,-008.4600,,7,9.9
77CN,610,B,2014-01-14T13:20,55.7500,-008.4300,,7,9.9
77CN,611,B,2014-01-14T13:25,55.7400,-008.3900,,7,9.9
77CN,612,B,2014-01-14T13:30,55.7400,-008.3600,,7,9.9
77CN,613,B,2014-01-14T13:35,55.7300,-008.3300,,7,9.9
77CN,614,B,2014-01-14T13:40,55.7300,-008.2900,,7,9.9
77CN,615,B,2014-01-14T13:45,55.7300,-008.2600,,7,9.9
77CN,616,B,2014-01-14T13:50,55.7200,-008.2300,,7,9.8
77CN,617,B,2014-01-14T13:55,55.7200,-008.1900,,7,9.9
77CN,618,B,2014-01-14T14:00,55.7100,-008.1600,,7,9.8
77CN,619,B,2014-01-14T14:05,55.7100,-008.1300,,7,9.8
77CN,620,B,2014-01-14T14:10,55.7000,-008.0900,,7,9.8
77CN,621,B,2014-01-14T14:15,55.7000,-008.0600,,7,9.8
77CN,622,B,2014-01-14T14:20,55.7000,-008.0200,,7,9.8
77CN,623,B,2014-01-14T14:25,55.6900,-007.9900,,7,9.8
77CN,624,B,2014-01-14T14:30,55.6900,-007.9600,,7,9.8
77CN,625,B,2014-01-14T14:35,55.6800,-007.9200,,7,9.8
77CN,626,B,2014-01-14T14:40,55.6800,-007.8900,,7,9.8
77CN,627,B,2014-01-14T14:45,55.6700,-007.8600,,7,9.8
77CN,628,B,2014-01-14T14:50,55.6700,-007.8200,,7,9.8
77CN,629,B,2014-01-14T14:55,55.6700,-007.7900,,7,9.8
77CN,630,B,2014-01-14T15:00,55.6600,-007.7600,,7,9.8
77CN,631,B,2014-01-14T15:05,55.6600,-007.7200,,7,9.6
77CN,632,B,2014-01-14T15:10,55.6500,-007.6900,,7,9.5
77CN,633,B,2014-01-14T15:15,55.6500,-007.6500,,7,9.5
77CN,634,B,2014-01-14T15:20,55.6400,-007.6200,,7,9.3
77CN,635,B,2014-01-14T15:25,55.6400,-007.5900,,7,9.2
77CN,636,B,2014-01-14T15:30,55.6400,-007.5500,,7,9.2
77CN,637,B,2014-01-14T15:35,55.6300,-007.5200,,7,9.0
AGS1,638,B,2014-01-17T00:30,53.6800,0.3500,,7,6.8
AGS1,639,B,2014-01-17T00:35,53.7000,0.3400,,7,6.8
AGS1,640,B,2014-01-17T00:40,53.7200,0.3300,,7,6.9
AGS1,641,B,2014-01-17T00:45,53.7400,0.3200,,7,7.1
AGS1,642,B,2014-01-17T00:50,53.7600,0.3100,,7,7.2
AGS1,643,B,2014-01-17T00:55,53.7800,0.3000,,7,7.2
AGS1,644,B,2014-01-17T01:00,53.8000,0.2800,,7,7.2
AGS1,645,B,2014-01-17T01:05,53.8300,0.2700,,7,7.2
AGS1,646,B,2014-01-17T01:10,53.8500,0.2600,,7,7.2
AGS1,647,B,2014-01-17T01:15,53.8700,0.2500,,7,7.2
AGS1,648,B,2014-01-17T01:20,53.8900,0.2400,,7,7.2
AGS1,649,B,2014-01-17T01:25,53.9100,0.2300,,7,7.1
AGS1,650,B,2014-01-17T01:30,53.9300,0.2200,,7,7.0
AGS1,651,B,2014-01-17T01:35,53.9500,0.2100,,7,6.9
AGS1,652,B,2014-01-17T01:40,53.9700,0.2000,,7,6.9
AGS1,653,B,2014-01-17T01:45,53.9900,0.1800,,7,6.8
AGS1,654,B,2014-01-17T01:50,54.0100,0.1700,,7,6.8
AGS1,655,B,2014-01-17T01:55,54.0300,0.1600,,7,6.8
AGS1,656,B,2014-01-17T02:00,54.0600,0.1500,,7,6.9
AGS1,657,B,2014-01-17T02:05,54.0800,0.1400,,7,6.9
AGS1,658,B,2014-01-17T02:10,54.1000,0.1300,,7,7.0
AGS1,659,B,2014-01-17T02:15,54.1200,0.1200,,7,7.0
AGS1,660,B,2014-01-17T02:20,54.1400,0.1100,,7,7.1
AGS1,661,B,2014-01-17T02:25,54.1600,0.0900,,7,7.2
AGS1,662,B,2014-01-17T02:30,54.1800,0.0800,,7,7.4
AGS1,663,B,2014-01-17T02:35,54.2000,0.0700,,7,7.4
AGS1,664,B,2014-01-17T02:40,54.2200,0.0600,,7,7.5
AGS1,665,B,2014-01-17T02:45,54.2400,0.0500,,7,7.5
AGS1,666,B,2014-01-17T02:50,54.2600,0.0400,,7,7.6
AGS1,667,B,2014-01-17T02:55,54.2900,0.0300,,7,7.6
AGS1,668,B,2014-01-17T03:00,54.3100,0.0200,,7,7.5
AGS1,669,B,2014-01-17T03:05,54.3300,0.0000,,7,7.6
AGS1,670,B,2014-01-17T03:10,54.3500,-000.0100,,7,7.6
AGS1,671,B,2014-01-17T03:15,54.3700,-000.0200,,7,7.6
AGS1,672,B,2014-01-17T03:20,54.3900,-000.0300,,7,7.6
AGS1,673,B,2014-01-17T03:25,54.4100,-000.0400,,7,7.6
AGS1,674,B,2014-01-17T03:30,54.4300,-000.0500,,7,7.6
AGS1,675,B,2014-01-17T03:35,54.4500,-000.0600,,7,7.6
AGS1,676,B,2014-01-17T03:40,54.4700,-000.0700,,7,7.6
AGS1,677,B,2014-01-17T03:45,54.4900,-000.0900,,7,7.6
AGS1,678,B,2014-01-17T03:50,54.5200,-000.1000,,7,7.6
AGS1,679,B,2014-01-17T03:55,54.5400,-000.1100,,7,7.6
AGS1,680,B,2014-01-17T04:00,54.5600,-000.1200,,7,7.6
AGS1,681,B,2014-01-17T04:05,54.5800,-000.1300,,7,7.7
AGS1,682,B,2014-01-17T04:10,54.6000,-000.1400,,7,7.7
AGS1,683,B,2014-01-17T04:15,54.6200,-000.1500,,7,7.7
AGS1,684,B,2014-01-17T04:20,54.6400,-000.1600,,7,7.7
AGS1,685,B,2014-01-17T04:25,54.6600,-000.1800,,7,7.7
AGS1,686,B,2014-01-17T04:30,54.6800,-000.1900,,7,7.7
AGS1,687,B,2014-01-17T04:35,54.7000,-000.2000,,7,7.7
AGS1,688,B,2014-01-17T04:40,54.7300,-000.2100,,7,7.7
AGS1,689,B,2014-01-17T04:45,54.7500,-000.2200,,7,7.7
AGS1,690,B,2014-01-17T04:50,54.7700,-000.2300,,7,7.7
AGS1,691,B,2014-01-17T04:55,54.7900,-000.2400,,7,7.7
AGS1,692,B,2014-01-17T05:00,54.8100,-000.2500,,7,7.7
AGS1,693,B,2014-01-17T05:05,54.8300,-000.2700,,7,7.7
AGS1,694,B,2014-01-17T05:10,54.8500,-000.2800,,7,7.7
AGS1,695,B,2014-01-17T05:15,54.8700,-000.2900,,7,7.7
AGS1,696,B,2014-01-17T05:20,54.8900,-000.3000,,7,7.7
AGS1,697,B,2014-01-17T05:25,54.9100,-000.3100,,7,7.7
AGS1,698,B,2014-01-17T05:30,54.9300,-000.3200,,7,7.7
AGS1,699,B,2014-01-17T05:35,54.9600,-000.3300,,7,7.7
AGS1,700,B,2014-01-17T05:40,54.9800,-000.3400,,7,7.6
AGS1,701,B,2014-01-17T05:45,55.0000,-000.3600,,7,7.7
AGS1,702,B,2014-01-17T05:50,55.0200,-000.3700,,7,7.7
AGS1,703,B,2014-01-17T05:55,55.0400,-000.3800,,7,7.6
AGS1,704,B,2014-01-17T06:00,55.0600,-000.3900,,7,7.7
AGS1,705,B,2014-01-17T06:05,55.0800,-000.4000,,7,7.6
AGS1,706,B,2014-01-17T06:10,55.1000,-000.4100,,7,7.7
AGS1,707,B,2014-01-17T06:15,55.1200,-000.4200,,7,7.7
AGS1,708,B,2014-01-17T06:20,55.1400,-000.4300,,7,7.6
AGS1,709,B,2014-01-17T06:25,55.1600,-000.4500,,7,7.6
AGS1,710,B,2014-01-17T06:30,55.1900,-000.4600,,7,7.6
AGS1,711,B,2014-01-17T06:35,55.2100,-000.4700,,7,7.6
AGS1,712,B,2014-01-17T06:40,55.2300,-000.4800,,7,7.6
AGS1,713,B,2014-01-17T06:45,55.2500,-000.4900,,7,7.7
AGS1,714,B,2014-01-17T06:50,55.2700,-000.5000,,7,7.7
AGS1,715,B,2014-01-17T06:55,55.2900,-000.5100,,7,7.7
AGS1,716,B,2014-01-17T07:00,55.3100,-000.5200,,7,7.7
AGS1,717,B,2014-01-17T07:05,55.3300,-000.5400,,7,7.7
AGS1,718,B,2014-01-17T07:10,55.3500,-000.5500,,7,7.7
AGS1,719,B,2014-01-17T07:15,55.3700,-000.5600,,7,7.7
AGS1,720,B,2014-01-17T07:20,55.3900,-000.5700,,7,7.7
AGS1,721,B,2014-01-17T07:25,55.4200,-000.5800,,7,7.7
AGS1,722,B,2014-01-17T07:30,55.4400,-000.5900,,7,7.7
AGS1,723,B,2014-01-17T07:35,55.4600,-000.6000,,7,7.8
AGS1,724,B,2014-01-17T07:40,55.4800,-000.6100,,7,7.7
AGS1,725,B,2014-01-17T07:45,55.5000,-000.6200,,7,7.7
AGS1,726,B,2014-01-17T07:50,55.5200,-000.6400,,7,7.7
AGS1,727,B,2014-01-17T07:55,55.5400,-000.6500,,7,7.6
AGS1,728,B,2014-01-17T08:00,55.5600,-000.6600,,7,7.7
AGS1,729,B,2014-01-17T08:05,55.5800,-000.6700,,7,7.7
AGS1,730,B,2014-01-17T08:10,55.6000,-000.6800,,7,7.7
AGS1,731,B,2014-01-17T08:15,55.6200,-000.6900,,7,7.6
AGS1,732,B,2014-01-17T08:20,55.6500,-000.7000,,7,7.7
AGS1,733,B,2014-01-17T08:25,55.6700,-000.7100,,7,7.7
AGS1,734,B,2014-01-17T08:30,55.6900,-000.7300,,7,7.7
AGS1,735,B,2014-01-17T08:35,55.7100,-000.7400,,7,7.7
AGS1,736,B,2014-01-17T08:40,55.7300,-000.7500,,7,7.7
AGS1,737,B,2014-01-17T08:45,55.7500,-000.7600,,7,7.7
AGS1,738,B,2014-01-17T08:50,55.7700,-000.7700,,7,7.8
AGS1,739,B,2014-01-17T08:55,55.7900,-000.7800,,7,7.9
AGS1,740,B,2014-01-17T09:00,55.8100,-000.7900,,7,7.9
AGS1,741,B,2014-01-17T09:05,55.8300,-000.8000,,7,8.1
AGS1,742,B,2014-01-17T09:10,55.8500,-000.8200,,7,8.0
AGS1,743,B,2014-01-17T09:15,55.8800,-000.8300,,7,7.8
AGS1,744,B,2014-01-17T09:20,55.9000,-000.8400,,7,7.7
AGS1,745,B,2014-01-17T09:25,55.9200,-000.8500,,7,7.7
AGS1,746,B,2014-01-17T09:30,55.9400,-000.8600,,7,7.8
AGS1,747,B,2014-01-17T09:35,55.9600,-000.8700,,7,7.8
AGS1,748,B,2014-01-17T09:40,55.9800,-000.8800,,7,7.7
AGS1,749,B,2014-01-17T09:45,56.0000,-000.8900,,7,7.7
AGS1,750,B,2014-01-17T09:50,56.0200,-000.9100,,7,7.7
AGS1,751,B,2014-01-17T09:55,56.0400,-000.9200,,7,7.6
AGS1,752,B,2014-01-17T10:00,56.0600,-000.9300,,7,7.6
AGS1,753,B,2014-01-17T10:05,56.0800,-000.9400,,7,7.6
AGS1,754,B,2014-01-17T10:10,56.1100,-000.9500,,7,7.6
AGS1,755,B,2014-01-17T10:15,56.1300,-000.9600,,7,7.6
AGS1,756,B,2014-01-17T10:20,56.1500,-000.9700,,7,7.6
AGS1,757,B,2014-01-17T10:25,56.1700,-000.9800,,7,7.6
AGS1,758,B,2014-01-17T10:30,56.1900,-001.0000,,7,7.6
AGS1,759,B,2014-01-17T10:35,56.2100,-001.0100,,7,7.5
AGS1,760,B,2014-01-17T10:40,56.2300,-001.0200,,7,7.5
AGS1,761,B,2014-01-17T10:45,56.2500,-001.0300,,7,7.4
AGS1,762,B,2014-01-17T10:50,56.2700,-001.0400,,7,7.3
AGS1,763,B,2014-01-17T10:55,56.2900,-001.0500,,7,7.3
AGS1,764,B,2014-01-17T11:00,56.3100,-001.0600,,7,7.3
AGS1,765,B,2014-01-17T11:05,56.3400,-001.0700,,7,7.4
AGS1,766,B,2014-01-17T11:10,56.3600,-001.0900,,7,7.4
AGS1,767,B,2014-01-17T11:15,56.3800,-001.1000,,7,7.4
AGS1,768,B,2014-01-17T11:20,56.4000,-001.1100,,7,7.4
AGS1,769,B,2014-01-17T11:25,56.4200,-001.1200,,7,7.5
AGS1,770,B,2014-01-17T11:30,56.4400,-001.1300,,7,7.5
AGS1,771,B,2014-01-17T11:35,56.4600,-001.1400,,7,7.5
AGS1,772,B,2014-01-17T11:40,56.4800,-001.1500,,7,7.6
AGS1,773,B,2014-01-17T11:45,56.5000,-001.1600,,7,7.7
AGS1,774,B,2014-01-17T11:50,56.5200,-001.1800,,7,7.7
AGS1,775,B,2014-01-17T11:55,56.5500,-001.1900,,7,7.8
AGS1,776,B,2014-01-17T12:00,56.5700,-001.2000,,7,7.8
AGS1,777,B,2014-01-17T12:05,56.5900,-001.2100,,7,7.8
AGS1,778,B,2014-01-17T12:10,56.6100,-001.2200,,7,7.8
AGS1,779,B,2014-01-17T12:15,56.6300,-001.2300,,7,7.7
AGS1,780,B,2014-01-17T12:20,56.6500,-001.2400,,7,7.7
AGS1,781,B,2014-01-17T12:25,56.6700,-001.2500,,7,7.7
AGS1,782,B,2014-01-17T12:30,56.6900,-001.2700,,7,7.7
AGS1,783,B,2014-01-17T12:35,56.7100,-001.2800,,7,7.7
AGS1,784,B,2014-01-17T12:40,56.7300,-001.2900,,7,7.8
AGS1,785,B,2014-01-17T12:45,56.7500,-001.3000,,7,7.8
AGS1,786,B,2014-01-17T12:50,56.7800,-001.3100,,7,7.8
AGS1,787,B,2014-01-17T12:55,56.8000,-001.3200,,7,7.8
AGS1,788,B,2014-01-17T13:00,56.8200,-001.3300,,7,7.9
AGS1,789,B,2014-01-17T13:05,56.8400,-001.3400,,7,7.9
AGS1,790,B,2014-01-17T13:10,56.8600,-001.3500,,7,7.9
AGS1,791,B,2014-01-17T13:15,56.8800,-001.3700,,7,7.9
AGS1,792,B,2014-01-17T13:20,56.9000,-001.3800,,7,7.8
AGS1,793,B,2014-01-17T13:25,56.9200,-001.3900,,7,7.8
AGS1,794,B,2014-01-17T13:30,56.9400,-001.4000,,7,7.8
AGS1,795,B,2014-01-17T13:35,56.9600,-001.4100,,7,7.8
AGS1,796,B,2014-01-17T13:40,56.9800,-001.4200,,7,7.8
AGS1,797,B,2014-01-17T13:45,57.0100,-001.4300,,7,7.7
AGS1,798,B,2014-01-17T13:50,57.0300,-001.4400,,7,7.7
AGS1,799,B,2014-01-17T13:55,57.0500,-001.4600,,7,7.7
AGS1,800,B,2014-01-17T14:00,57.0700,-001.4700,,7,7.8
AGS1,801,B,2014-01-17T14:05,57.0900,-001.4800,,7,7.5
AGS1,802,B,2014-01-17T14:10,57.1100,-001.4900,,7,7.3
AGS1,803,B,2014-01-17T14:15,57.1300,-001.5000,,7,7.3
AGS1,804,B,2014-01-17T14:20,57.1500,-001.5100,,7,7.3
AGS1,805,B,2014-01-17T14:25,57.1700,-001.5200,,7,7.2
AGS1,806,B,2014-01-17T14:30,57.1900,-001.5300,,7,7.3
AGS1,807,B,2014-01-17T14:35,57.2100,-001.5500,,7,7.2
AGS1,808,B,2014-01-17T14:40,57.2400,-001.5600,,7,7.1
AGS1,809,B,2014-01-17T14:45,57.2600,-001.5700,,7,7.1
AGS1,810,B,2014-01-17T14:50,57.2800,-001.5800,,7,7.1
AGS1,811,B,2014-01-17T14:55,57.3000,-001.5900,,7,7.2
AGS1,812,B,2014-01-17T15:00,57.3200,-001.6000,,7,7.2
AGS1,813,B,2014-01-17T15:05,57.3400,-001.6100,,7,7.2
AGS1,814,B,2014-01-17T15:10,57.3600,-001.6200,,7,7.2
AGS1,815,B,2014-01-17T15:15,57.3800,-001.6400,,7,7.2
AGS1,816,B,2014-01-17T15:20,57.4000,-001.6500,,7,7.1
AGS1,817,B,2014-01-17T15:25,57.4200,-001.6600,,7,7.1
AGS1,818,B,2014-01-17T15:30,57.4400,-001.6700,,7,7.1
AGS1,819,B,2014-01-17T15:35,57.4700,-001.6800,,7,7.1
AGS1,820,B,2014-01-17T15:40,57.4900,-001.6900,,7,7.0
AGS1,821,B,2014-01-17T15:45,57.5100,-001.7000,,7,7.1
AGS1,822,B,2014-01-17T15:50,57.5300,-001.7100,,7,7.1
AGS1,823,B,2014-01-17T15:55,57.5500,-001.7300,,7,7.1
AGS1,824,B,2014-01-17T16:00,57.5700,-001.7400,,7,7.1
AGS1,825,B,2014-01-17T16:05,57.5900,-001.7500,,7,7.1
AGS1,826,B,2014-01-17T16:10,57.6100,-001.7600,,7,7.1
AGS1,827,B,2014-01-17T16:15,57.6300,-001.7700,,7,7.2
AGS1,828,B,2014-01-17T16:20,57.6500,-001.7800,,7,7.2
AGS1,829,B,2014-01-17T16:25,57.6700,-001.7900,,7,7.3
AGS1,830,B,2014-01-17T16:30,57.7000,-001.8000,,7,7.2
AGS1,831,B,2014-01-17T16:35,57.7200,-001.8200,,7,7.3
AGS1,832,B,2014-01-17T16:40,57.7400,-001.8300,,7,7.2
AGS1,833,B,2014-01-17T16:45,57.7600,-001.8400,,7,7.3
AGS1,834,B,2014-01-17T16:50,57.7700,-001.8600,,7,7.4
AGS1,835,B,2014-01-17T16:55,57.7900,-001.8900,,7,7.3
AGS1,836,B,2014-01-17T17:00,57.8100,-001.9100,,7,6.7
AGS1,837,B,2014-01-17T17:05,57.8300,-001.9300,,7,6.7
AGS1,838,B,2014-01-17T17:10,57.8400,-001.9500,,7,6.7
AGS1,839,B,2014-01-17T17:15,57.8600,-001.9700,,7,6.7
AGS1,840,B,2014-01-17T17:20,57.8800,-002.0000,,7,6.8
AGS1,841,B,2014-01-17T17:25,57.8900,-002.0200,,7,7.2
AGS1,842,B,2014-01-17T17:30,57.9100,-002.0400,,7,7.4
AGS1,843,B,2014-01-17T17:35,57.9300,-002.0600,,7,7.6
AGS1,844,B,2014-01-17T17:40,57.9500,-002.0800,,7,7.9
AGS1,845,B,2014-01-17T17:45,57.9600,-002.1100,,7,7.9
AGS1,846,B,2014-01-17T17:50,57.9800,-002.1300,,7,7.9
AGS1,847,B,2014-01-17T17:55,58.0000,-002.1500,,7,7.9
AGS1,848,B,2014-01-17T18:00,58.0200,-002.1700,,7,7.9
AGS1,849,B,2014-01-17T18:05,58.0300,-002.1900,,7,7.9
AGS1,850,B,2014-01-17T18:10,58.0500,-002.2200,,7,7.9
AGS1,851,B,2014-01-17T18:15,58.0700,-002.2400,,7,8.0
AGS1,852,B,2014-01-17T18:20,58.0800,-002.2600,,7,8.0
AGS1,853,B,2014-01-17T18:25,58.1000,-002.2800,,7,8.0
AGS1,854,B,2014-01-17T18:30,58.1200,-002.3000,,7,8.0
AGS1,855,B,2014-01-17T18:35,58.1400,-002.3300,,7,8.0
AGS1,856,B,2014-01-17T18:40,58.1500,-002.3500,,7,8.0
AGS1,857,B,2014-01-17T18:45,58.1700,-002.3700,,7,8.0
AGS1,858,B,2014-01-17T18:50,58.1900,-002.3900,,7,8.0
AGS1,859,B,2014-01-17T18:55,58.2100,-002.4100,,7,8.0
AGS1,860,B,2014-01-17T19:00,58.2200,-002.4400,,7,8.1
AGS1,861,B,2014-01-17T19:05,58.2400,-002.4600,,7,8.1
AGS1,862,B,2014-01-17T19:10,58.2600,-002.4800,,7,8.0
AGS1,863,B,2014-01-17T19:15,58.2700,-002.5000,,7,8.1
AGS1,864,B,2014-01-17T19:20,58.2900,-002.5300,,7,8.1
AGS1,865,B,2014-01-17T19:25,58.3100,-002.5500,,7,8.1
AGS1,866,B,2014-01-17T19:30,58.3300,-002.5700,,7,8.1
AGS1,867,B,2014-01-17T19:35,58.3400,-002.5900,,7,8.1
AGS1,868,B,2014-01-17T19:40,58.3600,-002.6100,,7,8.1
AGS1,869,B,2014-01-17T19:45,58.3800,-002.6400,,7,8.1
AGS1,870,B,2014-01-17T19:50,58.3900,-002.6600,,7,8.2
AGS1,871,B,2014-01-17T19:55,58.4100,-002.6800,,7,8.2
AGS1,872,B,2014-01-17T20:00,58.4300,-002.7000,,7,8.2
AGS1,873,B,2014-01-17T20:05,58.4500,-002.7200,,7,8.2
AGS1,874,B,2014-01-17T20:10,58.4600,-002.7500,,7,8.2
AGS1,875,B,2014-01-17T20:15,58.4800,-002.7700,,7,8.2
AGS1,876,B,2014-01-17T20:20,58.5000,-002.7900,,7,8.2
AGS1,877,B,2014-01-17T20:25,58.5200,-002.8100,,7,8.2
AGS1,878,B,2014-01-17T20:30,58.5300,-002.8300,,7,8.2
AGS1,879,B,2014-01-17T20:35,58.5500,-002.8600,,7,8.2
AGS1,880,B,2014-01-17T20:40,58.5700,-002.8800,,7,8.2
AGS1,881,B,2014-01-17T20:45,58.5800,-002.9000,,7,8.2
AGS1,882,B,2014-01-17T20:50,58.6000,-002.9200,,7,8.2
AGS1,883,B,2014-01-17T20:55,58.6200,-002.9400,,7,8.2
AGS1,884,B,2014-01-17T21:00,58.6400,-002.9700,,7,8.2
AGS1,885,B,2014-01-17T21:05,58.6500,-002.9900,,7,8.2
AGS1,886,B,2014-01-17T21:10,58.6600,-003.0000,,7,8.2
AGS1,887,B,2014-01-17T21:15,58.6700,-003.0100,,7,8.2
AGS1,888,B,2014-01-17T21:20,58.6800,-003.0300,,7,8.2
AGS1,889,B,2014-01-17T21:25,58.6800,-003.0400,,7,8.2
AGS1,890,B,2014-01-17T21:30,58.6900,-003.0600,,7,8.2
AGS1,891,B,2014-01-17T21:35,58.7000,-003.0700,,7,8.2
AGS1,892,B,2014-01-17T21:40,58.7100,-003.0900,,7,8.1
AGS1,893,B,2014-01-17T21:45,58.7200,-003.1000,,7,8.2
AGS1,894,B,2014-01-17T21:50,58.7200,-003.1300,,7,8.2
AGS1,895,B,2014-01-17T21:55,58.7300,-003.1600,,7,8.2
AGS1,896,B,2014-01-17T22:00,58.7400,-003.1800,,7,8.2
AGS1,897,B,2014-01-17T22:05,58.7400,-003.2100,,7,8.4
AGS1,898,B,2014-01-17T22:10,58.7500,-003.2400,,7,8.4
AGS1,899,B,2014-01-17T22:15,58.7600,-003.2700,,7,8.5
AGS1,900,B,2014-01-17T22:20,58.7600,-003.2900,,7,8.5
AGS1,901,B,2014-01-17T22:25,58.7700,-003.3200,,7,8.5
AGS1,902,B,2014-01-17T22:30,58.7800,-003.3600,,7,8.5
AGS1,903,B,2014-01-17T22:35,58.7900,-003.3900,,7,8.5
AGS1,904,B,2014-01-17T22:40,58.8000,-003.4300,,7,8.6
AGS1,905,B,2014-01-17T22:45,58.8100,-003.4700,,7,8.5
AGS1,906,B,2014-01-17T22:50,58.8200,-003.5000,,7,8.5
AGS1,907,B,2014-01-17T22:55,58.8300,-003.5400,,7,8.5
AGS1,908,B,2014-01-17T23:00,58.8400,-003.5700,,7,8.6
AGS1,909,B,2014-01-17T23:05,58.8400,-003.6100,,7,8.7
AGS1,910,B,2014-01-17T23:10,58.8500,-003.6400,,7,8.7
AGS1,911,B,2014-01-17T23:15,58.8600,-003.6800,,7,8.7
AGS1,912,B,2014-01-17T23:20,58.8700,-003.7100,,7,8.7
AGS1,913,B,2014-01-17T23:25,58.8800,-003.7500,,7,8.8
AGS1,914,B,2014-01-17T23:30,58.8900,-003.7800,,7,8.7
AGS1,915,B,2014-01-17T23:35,58.9000,-003.8200,,7,8.6
AGS1,916,B,2014-01-17T23:40,58.9100,-003.8500,,7,8.6
AGS1,917,B,2014-01-17T23:45,58.9200,-003.8900,,7,8.6
AGS1,918,B,2014-01-17T23:50,58.9300,-003.9200,,7,8.6
AGS1,919,B,2014-01-17T23:55,58.9400,-003.9600,,7,8.6
AGS1,920,B,2014-01-18T00:00,58.9500,-004.0000,,7,8.6
AGS1,921,B,2014-01-18T00:05,58.9600,-004.0300,,7,8.6
AGS1,922,B,2014-01-18T00:10,58.9700,-004.0700,,7,8.6
AGS1,923,B,2014-01-18T00:15,58.9800,-004.1000,,7,8.6
AGS1,924,B,2014-01-18T00:20,58.9900,-004.1400,,7,8.6
AGS1,925,B,2014-01-18T00:25,59.0000,-004.1700,,7,8.6
AGS1,926,B,2014-01-18T00:30,59.0100,-004.2100,,7,8.6
AGS1,927,B,2014-01-18T00:35,59.0200,-004.2400,,7,8.6
AGS1,928,B,2014-01-18T00:40,59.0200,-004.2800,,7,8.6
AGS1,929,B,2014-01-18T00:45,59.0300,-004.3100,,7,8.6
AGS1,930,B,2014-01-18T00:50,59.0400,-004.3500,,7,8.7
AGS1,931,B,2014-01-18T00:55,59.0500,-004.3800,,7,8.6
AGS1,932,B,2014-01-18T01:00,59.0600,-004.4200,,7,8.7
AGS1,933,B,2014-01-18T01:15,59.1700,-004.5300,,7,8.8
AGS1,934,B,2014-01-18T01:20,59.1900,-004.5700,,7,8.9
AGS1,935,B,2014-01-18T01:25,59.2000,-004.6000,,7,8.9
AGS1,936,B,2014-01-18T01:30,59.2100,-004.6400,,7,8.9
AGS1,937,B,2014-01-18T01:35,59.2200,-004.6800,,7,8.9
AGS1,938,B,2014-01-18T01:40,59.2300,-004.7200,,7,9.0
AGS1,939,B,2014-01-18T01:45,59.2400,-004.7500,,7,9.1
AGS1,940,B,2014-01-18T01:50,59.2500,-004.7900,,7,9.1
AGS1,941,B,2014-01-18T01:55,59.2600,-004.8300,,7,9.1
AGS1,942,B,2014-01-18T02:00,59.2700,-004.8700,,7,9.1
AGS1,943,B,2014-01-18T02:05,59.2800,-004.9000,,7,9.1
AGS1,944,B,2014-01-18T02:10,59.2900,-004.9400,,7,9.2
AGS1,945,B,2014-01-18T02:15,59.3000,-004.9800,,7,9.2
AGS1,946,B,2014-01-18T02:20,59.3100,-005.0100,,7,9.2
AGS1,947,B,2014-01-18T02:25,59.3200,-005.0500,,7,9.2
AGS1,948,B,2014-01-18T02:30,59.3300,-005.0900,,7,9.3
AGS1,949,B,2014-01-18T02:35,59.3400,-005.1300,,7,9.2
AGS1,950,B,2014-01-18T02:40,59.3500,-005.1600,,7,9.2
AGS1,951,B,2014-01-18T02:45,59.3600,-005.2000,,7,9.2
AGS1,952,B,2014-01-18T02:50,59.3700,-005.2400,,7,9.2
AGS1,953,B,2014-01-18T02:55,59.3800,-005.2800,,7,9.2
AGS1,954,B,2014-01-18T03:00,59.3900,-005.3100,,7,9.2
AGS1,955,B,2014-01-18T03:05,59.4000,-005.3500,,7,9.1
AGS1,956,B,2014-01-18T03:10,59.4100,-005.3900,,7,9.1
AGS1,957,B,2014-01-18T03:15,59.4200,-005.4300,,7,9.1
AGS1,958,B,2014-01-18T03:20,59.4300,-005.4600,,7,9.1
AGS1,959,B,2014-01-18T03:25,59.4400,-005.5000,,7,9.2
AGS1,960,B,2014-01-18T03:30,59.4500,-005.5400,,7,9.2
AGS1,961,B,2014-01-18T03:35,59.4600,-005.5700,,7,9.2
AGS1,962,B,2014-01-18T03:40,59.4700,-005.6100,,7,9.3
AGS1,963,B,2014-01-18T03:45,59.4800,-005.6500,,7,9.3
AGS1,964,B,2014-01-18T03:50,59.5000,-005.6900,,7,9.3
AGS1,965,B,2014-01-18T03:55,59.5100,-005.7200,,7,9.4
AGS1,966,B,2014-01-18T04:00,59.5200,-005.7600,,7,9.4
AGS1,967,B,2014-01-18T04:05,59.5300,-005.8000,,7,9.4
AGS1,968,B,2014-01-18T04:10,59.5400,-005.8400,,7,9.5
AGS1,969,B,2014-01-18T04:15,59.5500,-005.8700,,7,9.5
AGS1,970,B,2014-01-18T04:20,59.5600,-005.9100,,7,9.5
AGS1,971,B,2014-01-18T04:25,59.5700,-005.9500,,7,9.5
AGS1,972,B,2014-01-18T04:30,59.5800,-005.9800,,7,9.5
AGS1,973,B,2014-01-18T04:35,59.5900,-006.0200,,7,9.5
AGS1,974,B,2014-01-18T04:40,59.6000,-006.0600,,7,9.5
AGS1,975,B,2014-01-18T04:45,59.6100,-006.1000,,7,9.8
AGS1,976,B,2014-01-18T04:50,59.6200,-006.1300,,7,9.8
AGS1,977,B,2014-01-18T04:55,59.6300,-006.1700,,7,9.9
AGS1,978,B,2014-01-18T05:00,59.6400,-006.2100,,7,9.9
AGS1,979,B,2014-01-18T05:05,59.6500,-006.2500,,7,9.9
AGS1,980,B,2014-01-18T05:10,59.6600,-006.2800,,7,9.9
AGS1,981,B,2014-01-18T05:15,59.6700,-006.3200,,7,9.9
AGS1,982,B,2014-01-18T05:20,59.6800,-006.3600,,7,9.9
AGS1,983,B,2014-01-18T05:25,59.6900,-006.3900,,7,9.9
AGS1,984,B,2014-01-18T05:30,59.7000,-006.4300,,7,10.0
AGS1,985,B,2014-01-18T05:35,59.7100,-006.4700,,7,10.0
AGS1,986,B,2014-01-18T05:40,59.7200,-006.5100,,7,9.8
AGS1,987,B,2014-01-18T05:45,59.7300,-006.5400,,7,9.8
AGS1,988,B,2014-01-18T05:50,59.7400,-006.5800,,7,9.6
AGS1,989,B,2014-01-18T05:55,59.7500,-006.6200,,7,9.7
AGS1,990,B,2014-01-18T06:00,59.7600,-006.6600,,7,9.6
AGS1,991,B,2014-01-18T06:05,59.7700,-006.6900,,7,9.4
AGS1,992,B,2014-01-18T06:10,59.7800,-006.7300,,7,9.5
AGS1,993,B,2014-01-18T06:15,59.7900,-006.7700,,7,9.5
AGS1,994,B,2014-01-18T06:20,59.8100,-006.8100,,7,9.6
AGS1,995,B,2014-01-18T06:25,59.8200,-006.8400,,7,9.7
AGS1,996,B,2014-01-18T06:30,59.8300,-006.8800,,7,9.6
AGS1,997,B,2014-01-18T06:35,59.8400,-006.9200,,7,9.5
AGS1,998,B,2014-01-18T06:40,59.8500,-006.9500,,7,9.5
AGS1,999,B,2014-01-18T06:45,59.8600,-006.9900,,7,9.5
AGS1,1000,B,2014-01-18T06:50,59.8700,-007.0300,,7,9.4
AGS1,1001,B,2014-01-18T06:55,59.8800,-007.0700,,7,9.4
AGS1,1002,B,2014-01-18T07:00,59.8900,-007.1000,,7,9.4
AGS1,1003,B,2014-01-18T07:05,59.9000,-007.1400,,7,9.4
AGS1,1004,B,2014-01-18T07:10,59.9100,-007.1800,,7,9.4
AGS1,1005,B,2014-01-18T07:15,59.9200,-007.2200,,7,9.4
AGS1,1006,B,2014-01-18T07:20,59.9300,-007.2500,,7,9.4
AGS1,1007,B,2014-01-18T07:25,59.9400,-007.2900,,7,9.4
AGS1,1008,B,2014-01-18T07:30,59.9500,-007.3300,,7,9.5
AGS1,1009,B,2014-01-18T07:35,59.9600,-007.3600,,7,9.5
AGS1,1010,B,2014-01-18T07:40,59.9700,-007.4000,,7,9.2
AGS1,1011,B,2014-01-18T07:45,59.9800,-007.4400,,7,9.2
AGS1,1012,B,2014-01-18T07:50,59.9900,-007.4800,,7,9.3
AGS1,1013,B,2014-01-18T07:55,60.0000,-007.5100,,7,9.3
AGS1,1014,B,2014-01-18T08:00,60.0100,-007.5500,,7,9.4
AGS1,1015,B,2014-01-18T08:05,60.0200,-007.5900,,7,9.4
AGS1,1016,B,2014-01-18T08:10,60.0300,-007.6300,,7,9.3
AGS1,1017,B,2014-01-18T08:15,60.0400,-007.6600,,7,9.3
AGS1,1018,B,2014-01-18T08:20,60.0500,-007.7000,,7,9.3
AGS1,1019,B,2014-01-18T08:25,60.0600,-007.7400,,7,9.3
AGS1,1020,B,2014-01-18T08:30,60.0700,-007.7800,,7,9.4
AGS1,1021,B,2014-01-18T08:35,60.0800,-007.8100,,7,9.4
AGS1,1022,B,2014-01-18T08:40,60.0900,-007.8500,,7,9.4
AGS1,1023,B,2014-01-18T08:45,60.1000,-007.8900,,7,9.3
AGS1,1024,B,2014-01-18T08:50,60.1200,-007.9200,,7,9.3
AGS1,1025,B,2014-01-18T08:55,60.1300,-007.9600,,7,9.2
AGS1,1026,B,2014-01-18T09:00,60.1400,-008.0000,,7,9.3
AGS1,1027,B,2014-01-18T09:05,60.1500,-008.0400,,7,9.3
AGS1,1028,B,2014-01-18T09:10,60.1600,-008.0700,,7,9.3
AGS1,1029,B,2014-01-18T09:15,60.1700,-008.1100,,7,9.3
AGS1,1030,B,2014-01-18T09:20,60.1800,-008.1500,,7,9.1
AGS1,1031,B,2014-01-18T09:25,60.1900,-008.1900,,7,9.3
AGS1,1032,B,2014-01-18T09:30,60.2000,-008.2200,,7,9.3
AGS1,1033,B,2014-01-18T09:35,60.2100,-008.2600,,7,9.3
AGS1,1034,B,2014-01-18T09:40,60.2200,-008.3000,,7,9.3
AGS1,1035,B,2014-01-18T09:45,60.2300,-008.3300,,7,9.3
AGS1,1036,B,2014-01-18T09:50,60.2400,-008.3700,,7,9.2
AGS1,1037,B,2014-01-18T09:55,60.2500,-008.4100,,7,9.1
AGS1,1038,B,2014-01-18T10:00,60.2600,-008.4500,,7,9.2
AGS1,1039,B,2014-01-18T10:05,60.2700,-008.4800,,7,9.2
AGS1,1040,B,2014-01-18T10:10,60.2800,-008.5200,,7,9.2
AGS1,1041,B,2014-01-18T10:15,60.2900,-008.5600,,7,9.2
AGS1,1042,B,2014-01-18T10:20,60.3000,-008.6000,,7,9.1
AGS1,1043,B,2014-01-18T10:25,60.3100,-008.6300,,7,9.1
AGS1,1044,B,2014-01-18T10:30,60.3200,-008.6700,,7,9.2
AGS1,1045,B,2014-01-18T10:35,60.3300,-008.7100,,7,9.1
AGS1,1046,B,2014-01-18T10:40,60.3400,-008.7400,,7,9.1
AGS1,1047,B,2014-01-18T10:45,60.3500,-008.7800,,7,9.1
AGS1,1048,B,2014-01-18T10:50,60.3600,-008.8200,,7,9.1
AGS1,1049,B,2014-01-18T10:55,60.3700,-008.8600,,7,9.0
AGS1,1050,B,2014-01-18T11:00,60.3800,-008.8900,,7,9.0
AGS1,1051,B,2014-01-18T11:05,60.3900,-008.9300,,7,9.1
AGS1,1052,B,2014-01-18T11:10,60.4000,-008.9700,,7,9.1
AGS1,1053,B,2014-01-18T11:15,60.4100,-009.0100,,7,9.1
AGS1,1054,B,2014-01-18T11:20,60.4200,-009.0400,,7,9.1
AGS1,1055,B,2014-01-18T11:25,60.4400,-009.0800,,7,9.1
AGS1,1056,B,2014-01-18T11:30,60.4500,-009.1200,,7,9.1
AGS1,1057,B,2014-01-18T11:35,60.4600,-009.1600,,7,9.0
AGS1,1058,B,2014-01-18T11:40,60.4700,-009.1900,,7,8.9
AGS1,1059,B,2014-01-18T11:45,60.4800,-009.2300,,7,8.8
AGS1,1060,B,2014-01-18T11:50,60.4900,-009.2700,,7,9.0
AGS1,1061,B,2014-01-18T11:55,60.5000,-009.3000,,7,8.8
AGS1,1062,B,2014-01-18T12:00,60.5100,-009.3400,,7,8.8
AGS1,1063,B,2014-01-18T12:05,60.5200,-009.3800,,7,8.9
AGS1,1064,B,2014-01-18T12:10,60.5300,-009.4200,,7,8.9
AGS1,1065,B,2014-01-18T12:15,60.5400,-009.4500,,7,8.9
AGS1,1066,B,2014-01-18T12:20,60.5500,-009.4900,,7,8.9
AGS1,1067,B,2014-01-18T12:25,60.5600,-009.5300,,7,8.9
AGS1,1068,B,2014-01-18T12:30,60.5700,-009.5700,,7,8.9
AGS1,1069,B,2014-01-18T12:35,60.5800,-009.6000,,7,8.9
AGS1,1070,B,2014-01-18T12:40,60.5900,-009.6400,,7,8.9
AGS1,1071,B,2014-01-18T12:45,60.6000,-009.6800,,7,8.9
AGS1,1072,B,2014-01-18T12:50,60.6100,-009.7100,,7,8.9
AGS1,1073,B,2014-01-18T12:55,60.6200,-009.7500,,7,8.9
AGS1,1074,B,2014-01-18T13:00,60.6300,-009.7900,,7,8.9
AGS1,1075,B,2014-01-18T13:05,60.6400,-009.8300,,7,8.9
AGS1,1076,B,2014-01-18T13:10,60.6500,-009.8600,,7,9.0
AGS1,1077,B,2014-01-18T13:15,60.6600,-009.9000,,7,8.9
AGS1,1078,B,2014-01-18T13:20,60.6700,-009.9400,,7,8.9
AGS1,1079,B,2014-01-18T13:25,60.6800,-009.9800,,7,8.9
AGS1,1080,B,2014-01-18T13:30,60.6900,-010.0100,,7,8.9
AGS1,1081,B,2014-01-18T13:35,60.7000,-010.0500,,7,8.9
AGS1,1082,B,2014-01-18T13:40,60.7100,-010.0900,,7,8.9
AGS1,1083,B,2014-01-18T13:45,60.7200,-010.1300,,7,9.0
AGS1,1084,B,2014-01-18T13:50,60.7300,-010.1600,,7,9.0
AGS1,1085,B,2014-01-18T13:55,60.7500,-010.2000,,7,9.0
AGS1,1086,B,2014-01-18T14:00,60.7600,-010.2400,,7,9.0
AGS1,1087,B,2014-01-18T14:05,60.7700,-010.2700,,7,9.1
AGS1,1088,B,2014-01-18T14:10,60.7800,-010.3100,,7,9.1
AGS1,1089,B,2014-01-18T14:15,60.7900,-010.3500,,7,8.8
AGS1,1090,B,2014-01-18T14:20,60.8000,-010.3900,,7,9.0
AGS1,1091,B,2014-01-18T14:25,60.8100,-010.4200,,7,9.0
AGS1,1092,B,2014-01-18T14:30,60.8200,-010.4600,,7,9.1
AGS1,1093,B,2014-01-18T14:35,60.8300,-010.5000,,7,9.1
AGS1,1094,B,2014-01-18T14:40,60.8400,-010.5400,,7,9.1
AGS1,1095,B,2014-01-18T14:45,60.8500,-010.5700,,7,9.1
AGS1,1096,B,2014-01-18T14:50,60.8600,-010.6100,,7,9.1
AGS1,1097,B,2014-01-18T14:55,60.8700,-010.6500,,7,9.2
AGS1,1098,B,2014-01-18T15:00,60.8800,-010.6800,,7,9.2
AGS1,1099,B,2014-01-18T15:05,60.8900,-010.7200,,7,9.2
AGS1,1100,B,2014-01-18T15:10,60.9000,-010.7600,,7,9.0
AGS1,1101,B,2014-01-18T15:15,60.9100,-010.8000,,7,9.2
AGS1,1102,B,2014-01-18T15:20,60.9200,-010.8300,,7,9.3
AGS1,1103,B,2014-01-18T15:25,60.9300,-010.8700,,7,9.2
AGS1,1104,B,2014-01-18T15:30,60.9400,-010.9100,,7,9.2
AGS1,1105,B,2014-01-18T15:35,60.9500,-010.9500,,7,9.0
AGS1,1106,B,2014-01-18T15:40,60.9600,-010.9800,,7,9.0
AGS1,1107,B,2014-01-18T15:45,60.9700,-011.0200,,7,9.0
AGS1,1108,B,2014-01-18T15:50,60.9800,-011.0600,,7,9.3
AGS1,1109,B,2014-01-18T15:55,60.9900,-011.0900,,7,9.2
AGS1,1110,B,2014-01-18T16:00,61.0000,-011.1300,,7,9.0
AGS1,1111,B,2014-01-18T16:05,61.0100,-011.1700,,7,9.0
AGS1,1112,B,2014-01-18T16:10,61.0200,-011.2100,,7,9.0
AGS1,1113,B,2014-01-18T16:15,61.0300,-011.2400,,7,9.0
AGS1,1114,B,2014-01-18T16:20,61.0400,-011.2800,,7,9.1
AGS1,1115,B,2014-01-18T16:25,61.0600,-011.3200,,7,9.0
AGS1,1116,B,2014-01-18T16:30,61.0700,-011.3600,,7,9.1
AGS1,1117,B,2014-01-18T16:35,61.0800,-011.3900,,7,9.0
AGS1,1118,B,2014-01-18T16:40,61.0900,-011.4300,,7,9.1
AGS1,1119,B,2014-01-18T16:45,61.1000,-011.4700,,7,9.1
AGS1,1120,B,2014-01-18T16:50,61.1100,-011.5100,,7,9.0
AGS1,1121,B,2014-01-18T16:55,61.1200,-011.5400,,7,9.1
AGS1,1122,B,2014-01-18T17:00,61.1300,-011.5800,,7,9.1
AGS1,1123,B,2014-01-18T17:05,61.1400,-011.6200,,7,9.1
AGS1,1124,B,2014-01-18T17:10,61.1500,-011.6500,,7,9.1
AGS1,1125,B,2014-01-18T17:15,61.1600,-011.6900,,7,9.1
AGS1,1126,B,2014-01-18T17:20,61.1700,-011.7300,,7,9.1
AGS1,1127,B,2014-01-18T17:25,61.1800,-011.7700,,7,9.1
AGS1,1128,B,2014-01-18T17:30,61.1900,-011.8000,,7,9.1
AGS1,1129,B,2014-01-18T17:35,61.2000,-011.8400,,7,9.1
AGS1,1130,B,2014-01-18T17:40,61.2100,-011.8800,,7,9.2
AGS1,1131,B,2014-01-18T17:45,61.2200,-011.9200,,7,9.1
AGS1,1132,B,2014-01-18T17:50,61.2300,-011.9500,,7,9.1
AGS1,1133,B,2014-01-18T17:55,61.2400,-011.9900,,7,9.1
AGS1,1134,B,2014-01-18T18:00,61.2500,-012.0300,,7,9.2
AGS1,1135,B,2014-01-18T18:05,61.2600,-012.0600,,7,9.2
AGS1,1136,B,2014-01-18T18:10,61.2700,-012.1000,,7,9.2
AGS1,1137,B,2014-01-18T18:15,61.2800,-012.1400,,7,9.2
AGS1,1138,B,2014-01-18T18:20,61.2900,-012.1800,,7,9.1
AGS1,1139,B,2014-01-18T18:25,61.3000,-012.2100,,7,9.1
AGS1,1140,B,2014-01-18T18:30,61.3100,-012.2500,,7,9.1
AGS1,1141,B,2014-01-18T18:35,61.3200,-012.2900,,7,9.2
AGS1,1142,B,2014-01-18T18:40,61.3300,-012.3300,,7,9.1
AGS1,1143,B,2014-01-18T18:45,61.3400,-012.3600,,7,9.1
AGS1,1144,B,2014-01-18T18:50,61.3500,-012.4000,,7,9.0
AGS1,1145,B,2014-01-18T18:55,61.3700,-012.4400,,7,9.0
AGS1,1146,B,2014-01-18T19:00,61.3800,-012.4700,,7,8.9
AGS1,1147,B,2014-01-18T19:05,61.3900,-012.5100,,7,8.9
AGS1,1148,B,2014-01-18T19:10,61.4000,-012.5500,,7,8.9
AGS1,1149,B,2014-01-18T19:15,61.4100,-012.5900,,7,8.9
AGS1,1150,B,2014-01-18T19:20,61.4200,-012.6200,,7,9.0
AGS1,1151,B,2014-01-18T19:25,61.4300,-012.6600,,7,9.0
AGS1,1152,B,2014-01-18T19:30,61.4400,-012.7000,,7,9.0
AGS1,1153,B,2014-01-18T19:35,61.4500,-012.7400,,7,9.0
AGS1,1154,B,2014-01-18T19:40,61.4600,-012.7700,,7,8.9
AGS1,1155,B,2014-01-18T19:45,61.4700,-012.8100,,7,9.0
AGS1,1156,B,2014-01-18T19:50,61.4800,-012.8500,,7,8.9
AGS1,1157,B,2014-01-18T19:55,61.4900,-012.8900,,7,8.9
AGS1,1158,B,2014-01-18T20:00,61.5000,-012.9200,,7,8.9
AGS1,1159,B,2014-01-18T20:05,61.5100,-012.9600,,7,9.0
AGS1,1160,B,2014-01-18T20:10,61.5200,-013.0000,,7,9.0
AGS1,1161,B,2014-01-18T20:15,61.5300,-013.0300,,7,9.0
AGS1,1162,B,2014-01-18T20:20,61.5400,-013.0700,,7,8.9
AGS1,1163,B,2014-01-18T20:25,61.5500,-013.1100,,7,8.9
AGS1,1164,B,2014-01-18T20:30,61.5600,-013.1500,,7,8.9
AGS1,1165,B,2014-01-18T20:35,61.5700,-013.1800,,7,8.9
AGS1,1166,B,2014-01-18T20:40,61.5800,-013.2200,,7,8.9
AGS1,1167,B,2014-01-18T20:45,61.5900,-013.2600,,7,8.9
AGS1,1168,B,2014-01-18T20:50,61.6000,-013.3000,,7,8.9
AGS1,1169,B,2014-01-18T20:55,61.6100,-013.3300,,7,8.9
AGS1,1170,B,2014-01-18T21:00,61.6200,-013.3700,,7,8.9
AGS1,1171,B,2014-01-18T21:05,61.6300,-013.4100,,7,8.9
AGS1,1172,B,2014-01-18T21:10,61.6400,-013.4400,,7,8.8
AGS1,1173,B,2014-01-18T21:15,61.6500,-013.4800,,7,8.8
AGS1,1174,B,2014-01-18T21:20,61.6600,-013.5200,,7,8.7
AGS1,1175,B,2014-01-18T21:25,61.6800,-013.5600,,7,8.9
AGS1,1176,B,2014-01-18T21:30,61.6900,-013.5900,,7,8.8
AGS1,1177,B,2014-01-18T21:35,61.7000,-013.6300,,7,8.8
AGS1,1178,B,2014-01-18T21:40,61.7100,-013.6700,,7,8.4
AGS1,1179,B,2014-01-18T21:45,61.7200,-013.7100,,7,8.4
AGS1,1180,B,2014-01-18T21:50,61.7300,-013.7400,,7,8.4
AGS1,1181,B,2014-01-18T21:55,61.7400,-013.7800,,7,8.6
AGS1,1182,B,2014-01-18T22:00,61.7500,-013.8200,,7,8.5
AGS1,1183,B,2014-01-18T22:05,61.7600,-013.8600,,7,8.5
AGS1,1184,B,2014-01-18T22:10,61.7700,-013.8900,,7,8.6
AGS1,1185,B,2014-01-18T22:15,61.7800,-013.9300,,7,8.5
AGS1,1186,B,2014-01-18T22:20,61.7900,-013.9700,,7,8.5
AGS1,1187,B,2014-01-18T22:25,61.8000,-014.0000,,7,8.5
AGS1,1188,B,2014-01-18T22:30,61.8100,-014.0400,,7,8.6
AGS1,1189,B,2014-01-18T22:35,61.8200,-014.0800,,7,8.6
AGS1,1190,B,2014-01-18T22:40,61.8300,-014.1200,,7,8.6
AGS1,1191,B,2014-01-18T22:45,61.8400,-014.1500,,7,8.7
AGS1,1192,B,2014-01-18T22:50,61.8500,-014.1900,,7,8.5
AGS1,1193,B,2014-01-18T22:55,61.8600,-014.2300,,7,8.4
AGS1,1194,B,2014-01-18T23:00,61.8700,-014.2700,,7,8.4
AGS1,1195,B,2014-01-18T23:05,61.8800,-014.3000,,7,8.4
AGS1,1196,B,2014-01-18T23:10,61.8900,-014.3400,,7,8.4
AGS1,1197,B,2014-01-18T23:15,61.9000,-014.3800,,7,8.5
AGS1,1198,B,2014-01-18T23:20,61.9100,-014.4100,,7,8.5
AGS1,1199,B,2014-01-18T23:25,61.9200,-014.4500,,7,8.5
AGS1,1200,B,2014-01-18T23:30,61.9300,-014.4900,,7,8.5
AGS1,1201,B,2014-01-18T23:35,61.9400,-014.5300,,7,8.4
AGS1,1202,B,2014-01-18T23:40,61.9500,-014.5600,,7,8.4
AGS1,1203,B,2014-01-18T23:45,61.9600,-014.6000,,7,8.4
AGS1,1204,B,2014-01-18T23:50,61.9700,-014.6400,,7,8.5
AGS1,1205,B,2014-01-18T23:55,61.9800,-014.6800,,7,8.5
AGS1,1206,B,2014-01-19T00:00,62.0000,-014.7100,,7,8.4
AGS1,1207,B,2014-01-19T00:05,62.0100,-014.7500,,7,8.4
AGS1,1208,B,2014-01-19T00:10,62.0200,-014.7900,,7,8.4
AGS1,1209,B,2014-01-19T00:15,62.0300,-014.8200,,7,8.4
AGS1,1210,B,2014-01-19T00:20,62.0400,-014.8600,,7,8.4
AGS1,1211,B,2014-01-19T00:25,62.0500,-014.9000,,7,8.4
AGS1,1212,B,2014-01-19T00:30,62.0600,-014.9400,,7,8.5
AGS1,1213,B,2014-01-19T00:35,62.0700,-014.9700,,7,8.5
AGS1,1214,B,2014-01-19T00:40,62.0800,-015.0100,,7,8.5
AGS1,1215,B,2014-01-19T00:45,62.0900,-015.0500,,7,8.4
AGS1,1216,B,2014-01-19T00:50,62.1000,-015.0900,,7,8.4
AGS1,1217,B,2014-01-19T00:55,62.1100,-015.1200,,7,8.5
AGS1,1218,B,2014-01-19T01:00,62.1200,-015.1600,,7,8.5
AGS1,1219,B,2014-01-19T01:05,62.1300,-015.2000,,7,8.5
AGS1,1220,B,2014-01-19T01:10,62.1400,-015.2400,,7,8.4
AGS1,1221,B,2014-01-19T01:15,62.1500,-015.2700,,7,8.5
AGS1,1222,B,2014-01-19T01:20,62.1600,-015.3100,,7,8.6
AGS1,1223,B,2014-01-19T01:25,62.1700,-015.3500,,7,8.5
AGS1,1224,B,2014-01-19T01:30,62.1800,-015.3800,,7,8.6
AGS1,1225,B,2014-01-19T01:35,62.1900,-015.4200,,7,8.6
AGS1,1226,B,2014-01-19T01:40,62.2000,-015.4600,,7,8.4
AGS1,1227,B,2014-01-19T01:45,62.2100,-015.5000,,7,8.6
AGS1,1228,B,2014-01-19T01:50,62.2200,-015.5300,,7,8.6
AGS1,1229,B,2014-01-19T01:55,62.2300,-015.5700,,7,8.6
AGS1,1230,B,2014-01-19T02:00,62.2400,-015.6100,,7,8.6
AGS1,1231,B,2014-01-19T02:05,62.2500,-015.6500,,7,8.6
AGS1,1232,B,2014-01-19T02:10,62.2600,-015.6800,,7,8.6
AGS1,1233,B,2014-01-19T02:15,62.2700,-015.7200,,7,8.5
AGS1,1234,B,2014-01-19T02:20,62.2800,-015.7600,,7,8.5
AGS1,1235,B,2014-01-19T02:25,62.2900,-015.7900,,7,8.4
AGS1,1236,B,2014-01-19T02:30,62.3100,-015.8300,,7,8.5
AGS1,1237,B,2014-01-19T02:35,62.3200,-015.8700,,7,8.5
AGS1,1238,B,2014-01-19T02:40,62.3300,-015.9100,,7,8.5
AGS1,1239,B,2014-01-19T02:45,62.3400,-015.9400,,7,8.4
AGS1,1240,B,2014-01-19T02:50,62.3500,-015.9800,,7,8.4
AGS1,1241,B,2014-01-19T02:55,62.3600,-016.0200,,7,8.4
AGS1,1242,B,2014-01-19T03:00,62.3700,-016.0600,,7,8.4
AGS1,1243,B,2014-01-19T03:05,62.3800,-016.0900,,7,8.4
AGS1,1244,B,2014-01-19T03:10,62.3900,-016.1300,,7,8.4
AGS1,1245,B,2014-01-19T03:15,62.4000,-016.1700,,7,8.4
AGS1,1246,B,2014-01-19T03:20,62.4100,-016.2100,,7,8.4
AGS1,1247,B,2014-01-19T03:25,62.4200,-016.2400,,7,8.4
AGS1,1248,B,2014-01-19T03:30,62.4300,-016.2800,,7,8.4
AGS1,1249,B,2014-01-19T03:35,62.4400,-016.3200,,7,8.4
AGS1,1250,B,2014-01-19T03:40,62.4500,-016.3500,,7,8.4
AGS1,1251,B,2014-01-19T03:45,62.4600,-016.3900,,7,8.4
AGS1,1252,B,2014-01-19T03:50,62.4700,-016.4300,,7,8.4
AGS1,1253,B,2014-01-19T03:55,62.4800,-016.4700,,7,8.3
AGS1,1254,B,2014-01-19T04:00,62.4900,-016.5000,,7,8.3
AGS1,1255,B,2014-01-19T04:05,62.5000,-016.5400,,7,8.3
AGS1,1256,B,2014-01-19T04:10,62.5100,-016.5800,,7,8.3
AGS1,1257,B,2014-01-19T04:15,62.5200,-016.6200,,7,8.3
AGS1,1258,B,2014-01-19T04:20,62.5300,-016.6500,,7,8.3
AGS1,1259,B,2014-01-19T04:25,62.5400,-016.6900,,7,8.3
AGS1,1260,B,2014-01-19T04:30,62.5500,-016.7300,,7,8.3
AGS1,1261,B,2014-01-19T04:35,62.5600,-016.7600,,7,8.3
AGS1,1262,B,2014-01-19T04:40,62.5700,-016.8000,,7,8.3
AGS1,1263,B,2014-01-19T04:45,62.5800,-016.8400,,7,8.4
AGS1,1264,B,2014-01-19T04:50,62.5900,-016.8800,,7,8.4
AGS1,1265,B,2014-01-19T04:55,62.6000,-016.9100,,7,8.5
AGS1,1266,B,2014-01-19T05:00,62.6200,-016.9500,,7,8.4
AGS1,1267,B,2014-01-19T05:05,62.6300,-016.9900,,7,8.4
AGS1,1268,B,2014-01-19T05:10,62.6400,-017.0300,,7,8.5
AGS1,1269,B,2014-01-19T05:15,62.6500,-017.0600,,7,8.5
AGS1,1270,B,2014-01-19T05:20,62.6600,-017.1000,,7,8.4
AGS1,1271,B,2014-01-19T05:25,62.6700,-017.1400,,7,8.5
AGS1,1272,B,2014-01-19T05:30,62.6800,-017.1700,,7,8.5
AGS1,1273,B,2014-01-19T05:35,62.6900,-017.2100,,7,8.4
AGS1,1274,B,2014-01-19T05:40,62.7000,-017.2500,,7,8.3
AGS1,1275,B,2014-01-19T05:45,62.7100,-017.2900,,7,8.3
AGS1,1276,B,2014-01-19T05:50,62.7200,-017.3200,,7,8.3
AGS1,1277,B,2014-01-19T05:55,62.7300,-017.3600,,7,8.3
AGS1,1278,B,2014-01-19T06:00,62.7400,-017.4000,,7,8.3
AGS1,1279,B,2014-01-19T06:05,62.7500,-017.4400,,7,8.3
AGS1,1280,B,2014-01-19T06:10,62.7600,-017.4700,,7,8.3
AGS1,1281,B,2014-01-19T06:15,62.7700,-017.5100,,7,8.3
AGS1,1282,B,2014-01-19T06:20,62.7800,-017.5500,,7,8.2
AGS1,1283,B,2014-01-19T06:25,62.7900,-017.5900,,7,8.2
AGS1,1284,B,2014-01-19T06:30,62.8000,-017.6200,,7,8.2
AGS1,1285,B,2014-01-19T06:35,62.8100,-017.6600,,7,8.2
AGS1,1286,B,2014-01-19T06:40,62.8200,-017.7000,,7,8.3
AGS1,1287,B,2014-01-19T06:45,62.8300,-017.7300,,7,8.3
AGS1,1288,B,2014-01-19T06:50,62.8400,-017.7700,,7,8.3
AGS1,1289,B,2014-01-19T06:55,62.8500,-017.8100,,7,8.2
AGS1,1290,B,2014-01-19T07:00,62.8600,-017.8500,,7,8.3
AGS1,1291,B,2014-01-19T07:05,62.8700,-017.8800,,7,8.3
AGS1,1292,B,2014-01-19T07:10,62.8800,-017.9200,,7,8.3
AGS1,1293,B,2014-01-19T07:15,62.8900,-017.9600,,7,8.3
AGS1,1294,B,2014-01-19T07:20,62.9000,-018.0000,,7,8.3
AGS1,1295,B,2014-01-19T07:25,62.9100,-018.0300,,7,8.3
AGS1,1296,B,2014-01-19T07:30,62.9300,-018.0700,,7,8.3
