51.62,1.8,4.8
51.62,1.83,6.9
51.62,2.08,4.4
51.63,1.15,9.565953787
51.63,1.23,4.8
51.63,1.25,10.80781293
51.63,1.67,4.8
51.63,1.68,7.3
51.63,1.83,10.30669306
51.63,2.02,9.7
51.63,2.05,4.6
51.63,2.08,10.3
51.63,2.5,6.1
51.65,1.53,6.6
51.65,1.72,11.8
51.65,1.78,11.6
51.65,1.83,9
51.65,2,9.7
51.65,2.02,11.8
51.65,2.08,6.4
51.65,2.13,12.7
51.65,2.33,11.7
51.65,2.57,8.7
51.65,2.67,7.3
51.669,2.5633,7.2
51.67,1.42,7.1
51.67,1.53,9
51.67,1.57,7.5
51.67,1.8,7.6
51.67,1.83,12.1
51.67,1.97,8.7
51.67,2.02,10
51.67,2.05,11.4
51.67,2.08,10
51.67,2.12,5.2
51.67,2.13,10.5
51.67,2.33,10.59166667
51.67,2.58,8.75
51.67,2.62,6.8
51.67,2.63,6.2
51.67,2.7,6
51.67,3.15,5.7
51.67,3.17,6.1
51.68,1.17,7.9
51.68,1.18,6
51.68,2,13.5
51.68,2.33,9.6
51.68,2.5,8.8
51.68,3.4,11.2
51.7,1.02,12.4
51.7,2.33,6.3
51.7023,2.3477,7.2
51.72,1.4,12.1
51.72,1.6,8.4
51.72,1.75,11.2
51.72,1.93,6
51.72,2.33,12.3
51.72,2.53,12.2
51.72,2.68,12.5
51.72,2.83,12.4
51.72,3.02,12.6
51.73,1.15,11.3
51.73,1.97,10.6
51.73,2.33,8
51.73,2.57,6.8
51.73,2.67,7.9
51.73,2.82,6.4
51.73,2.83,10.9
51.73,3,10.8
51.75,2.33,9.5
51.75,2.37,6.3
51.75,2.67,7.3
51.75,2.68,10.1
51.75,2.72,7.8
51.75,2.77,10.1
51.75,2.83,9.45
51.75,2.92,8.7125
51.77,1.53,9.742857143
51.77,2.2,8.133333333
51.77,2.27,9.05
51.77,2.33,10.05
51.77,2.48,10.25
51.77,2.83,11.2
51.77,2.88,6.4
51.77,2.97,10.2
51.77,3,5.9
51.78,1.77,8.1
51.78,1.83,11.5
51.78,2.33,12.3
51.78,2.83,6.2
51.8,1.35,12
51.8,1.48,11.9
51.8,1.62,13.5
51.8,2.33,6
51.8,2.35,10.6
51.8,2.83,9.4
51.8,2.92,9
51.8,3.07,5.6
51.8,3.33,10.5
51.819,3.61,5.5
51.82,1.7,13
51.82,1.83,10.4
51.82,1.93,11.8
51.82,2.07,7.82
51.82,2.33,6.7
51.82,2.67,8.8
51.82,2.77,10.11907574
51.82,2.83,7.95
51.82,3.05,9.628571429
51.82,3.13,9.83
51.82,3.33,10.59100842
51.83,1.43,6.8
51.83,2.33,9.3
51.83,2.43,6.2
51.83,2.67,12.5
51.83,2.83,6.6
51.83,2.92,10.11907574
51.83,3,12.25
51.83,3.17,11.5399289
51.83,3.25,8.469845957
51.83,3.27,9.938783546
51.83,3.33,6.8
51.83,3.38,10.25
51.83,3.45,9.559537872
51.83,3.47,9.7
51.83,3.72,12.4
51.85,1.47,10.2
51.85,1.83,13.2
51.85,2.33,12.5
51.85,3.13,11.8
51.85,3.25,11.1
51.85,3.33,6.1
51.85,3.7,11.9
51.87,1.52,10.9
51.87,1.7,13.2
51.87,2.33,11.5
51.87,2.57,13
51.87,2.67,11.5
51.87,2.83,11.7
51.87,3.25,6.8
51.87,3.27,12.2
51.87,3.28,12.3
51.87,3.33,10.7
51.88,2.33,12.4
51.88,2.83,12.6
51.88,2.92,5.7
51.88,2.93,6.9
51.88,3.23,9.7
51.88,3.25,6.9
51.9,1.48,6.6
51.9,2.17,5.6
51.9,2.23,12.8
51.9,2.33,10.4
51.9,2.6,6.4
51.9,2.67,8.2
51.9,2.83,7.466666667
51.9,3.22,6.4
51.9,3.25,12
51.9,3.48,11
51.9,3.5,12
51.9,3.57,10.11666667
51.9,3.6,6.7
51.9,3.67,11.48571429
51.92,1.83,12.9
51.92,2.83,8.95
51.92,2.92,10.4
51.92,3.25,10.46666667
51.92,3.58,14.1
51.92,3.65,11.9
51.92,3.67,5.7
51.92,3.8,5.4
51.93,1.53,7.2
51.93,1.83,13.5
51.93,2.23,11.7
51.93,2.48,13.6
51.93,2.67,7
51.93,2.83,8.4
51.93,3.28,13
51.93,3.33,8.6
51.93,3.67,10.7
51.95,1.83,6.9
51.95,2.25,5.8
51.95,2.28,12.4
51.95,2.83,9.4
51.95,2.9,9.5
51.95,3.33,9.9
51.95,3.67,8
51.95,3.75,12.1
51.9523,2.598,11
51.97,1.57,9.8
51.97,1.93,9.6
51.97,2.02,11.3
51.97,2.27,9.9
51.97,2.3,11.4
51.97,2.32,7.3
51.97,2.33,7.8
51.97,2.67,12.4
51.97,2.83,14.2
51.97,2.92,12.5
51.97,3,13.51
51.97,3.33,10.2
51.97,3.65,8.675
51.97,3.75,10.4
51.98,1.85,9.85
51.98,2.83,13.4
51.98,2.92,8.55
51.98,3.33,10.6
51.98,3.6,7.8
51.98,4.1,10.7
52,1.83,8.933333333
52,2.1,11.5
52,2.33,7.4
52,2.63,15.1
52,2.73,10.5
52,2.8,7.6
52,2.83,7.75
52,2.87,11.45
52,2.9,10.94
52,2.92,10.375
52,3.17,12.1
52,3.33,10.1
52,3.45,13
52,3.67,13.6
52,3.73,6.925
52,4,13.5
52.02,2.38,12.1
52.02,2.83,10.05
52.02,3.33,11.9
52.03,1.7,12.1
52.03,2.08,11
52.03,2.63,12.3
52.03,3.33,12.4
52.05,2.83,12.1
52.05,3.1,5.8
52.05,3.33,9.2
52.05,3.67,5.7
52.07,2.33,5.7
52.07,3.17,11
52.07,3.33,10.2
52.07,3.63,14.6
52.07,3.65,10.11907574
52.07,3.67,13.3
52.07,4,9
52.08,2.83,13.9
52.08,3.33,6
52.08,3.67,7.9
52.08,4,11.43333333
52.08,4.05,9.223815149
52.0857,1.9637,12.45
52.1,2.33,11.4
52.1,2.88,8
52.1,3.07,11.2
52.1,3.2,12.5
52.1,3.33,9.213230638
52.1,3.37,9.05
52.1,3.47,10.08333333
52.1,3.67,8.8
52.1,3.8,8.973815149
52.1,3.92,12.2
52.1,4,11.86666667
52.12,2.52,10.11907574
52.12,2.6,11.4
52.12,3.3,9.168786194
52.12,3.33,9.372165499
52.12,3.67,8.936512624
52.12,3.92,10.90272511
52.13,1.95,9.55
52.13,2.08,10.8
52.13,2.33,6.8
52.13,2.6,14
52.13,2.73,12.9
52.13,2.75,12.6
52.13,3.33,7.6
52.13,3.67,5.9
52.13,3.68,7.94
52.13,4.02,8.3
52.13,4.13,9.6
52.1357,2.9467,8.9
52.15,2.12,9.8
52.15,2.37,6.1
52.15,2.87,11.85
52.15,3.67,10.8
52.15,3.68,5.6
52.15,3.7,9.5
52.15,4,13.7
52.169,2.6805,6.5
52.17,1.78,10.1
52.17,2.15,13.5
52.17,2.67,13.78
52.17,2.83,8.8
52.17,2.9,8.2
52.17,3,4.49
52.17,3.05,14
52.17,3.25,11.7
52.17,3.33,7.3
52.17,3.67,6.5
52.17,4,12.6
52.17,4.23,7.4
52.18,2.17,14.04
52.18,2.83,13.6
52.18,3.33,12.96
52.18,3.4,12.8
52.18,3.5,13.9
52.18,3.67,6.2
52.18,4,6.8
52.2,2.23,14.97
52.2,2.37,6.25
52.2,2.87,8.4
52.2,3.33,8.8
52.2,3.67,13.6
52.2,3.68,8
52.2,3.83,7.3
52.2,4,7.6
52.219,3.4473,6.9
52.22,2.07,8.4
52.22,2.63,11.4
52.22,3.1,11.1
52.22,3.33,12.5
52.22,3.67,13.4
52.22,3.77,11.03333333
52.22,3.85,11.08
52.22,4,7.983333333
52.22,4.12,11.7
52.23,1.8,10.5
52.23,3.67,12.1
52.23,3.8,12.75
52.23,3.93,10.9
52.23,4,9.48
52.2357,3.1797,9.4
52.25,2.08,11.4
52.25,2.5,12.4
52.25,2.53,9.6
52.25,2.68,9.3
52.25,3.32,12.5
52.25,3.33,7.85
52.25,3.67,7.6
52.25,3.97,8.21
52.25,4,2.69
52.27,2.08,9.5
52.27,2.83,12.43
52.27,2.93,13.7
52.27,3.5,7
52.27,3.67,9.4
52.27,3.88,13.91
52.27,4,12.3
52.28,3.13,15.7
52.28,3.18,14.06
52.28,3.67,15.15
52.28,4,8.28
52.3,1.92,8.42
52.3,2.23,16.22
52.3,2.6,6.78
52.3,2.77,7.2
52.3,2.93,5.7
52.3,3.67,8.59
52.3,3.75,10.42976894
52.3,4,10.5
52.3,4.03,9.15
52.3,4.07,5.67
52.319,3.4127,10.11907574
52.319,3.6463,9.32
52.32,1.78,0.22
52.32,2.07,12.005
52.32,2.08,9.4
52.32,2.33,8.49
52.32,2.87,5.5
52.32,3.23,14.23
52.32,3.42,5.8
52.32,3.52,5.9
52.32,3.67,9.3
52.32,4,10.7
52.33,1.77,12.72
52.33,1.85,13.74
52.33,2.17,12.62
52.33,2.5,11.5
52.33,2.75,8.45
52.33,2.8,11.8
52.33,2.88,6.49
52.33,2.95,9.08
52.33,3,7.59
52.33,3.07,14.5
52.33,3.17,13.5
52.33,3.2,9.29
52.33,3.25,8.65
52.33,3.3,5.74
52.33,3.37,8.73
52.33,3.45,12.73
52.33,3.47,0.35
52.33,3.5,5.21
52.33,3.67,5.96
52.33,3.93,6.04
52.33,3.97,5.73
52.33,4,3.48
52.33,4.13,6.54
52.3357,4.0123,10.4
52.3357,4.1783,12.3
52.35,2.75,11.34390244
52.35,3.43,7.96
52.35,3.45,7.81
52.35,3.67,8.63
52.35,3.98,12.09
52.35,4,14.48
52.37,2.13,1.57
52.37,2.23,10.3
52.37,3.42,15.59
52.37,4,3.6
52.38,2.58,5.7
52.38,2.83,13.5
52.38,3.27,10.11907574
52.38,3.38,9.6
52.38,4,13.4
52.4,1.78,8.62
52.4,2.43,15.54
52.4,2.8,7.383333333
52.4,2.82,6.19
52.4,2.87,9.1
52.4,3.07,0.21
52.4,3.4,12.99
52.4,3.5,3.5
52.4,3.65,9.8
52.4,4,2.75
52.4,4.03,7.02
52.4,4.12,10.11907574
52.42,2.27,8.82
52.42,2.67,4.45
52.42,2.73,10.4
52.42,3.6,13.4
52.42,3.72,0.21
52.42,3.75,10.5
52.42,4,8.03
52.43,1.88,6.4
52.43,2.57,11.9
52.43,2.82,10.6
52.43,2.97,9.6
52.43,3.95,8.96
52.45,2.63,10.11907574
52.45,3.45,8.5
52.45,3.47,11.35
52.47,1.75,12.58
52.47,3.2,5.94
52.47,3.27,8.15
52.47,3.3,8.34
52.47,3.33,5.9
52.47,3.85,15.215
52.47,3.97,13.9
52.47,4,12.8
52.48,2.33,5.6
52.48,3.17,10.1
52.48,3.18,6.82
52.48,3.23,15.72
52.48,4,11.8
52.48,4.12,11.49
52.48,4.15,14
52.5,1.92,12.7
52.5,2.17,13.6
52.5,2.33,7.3
52.5,2.55,15.61
52.5,2.67,6.735
52.5,2.8,5.8
52.5,2.95,15.33
52.5,3,8.83
52.5,3.33,6.9
52.5,3.37,9.26
52.5,3.45,11
52.5,3.52,9.4
52.5,3.57,13.4
52.5,3.67,1.14
52.5,3.75,6.51
52.5,4,13.6
52.5,4.03,13.54
52.5,4.08,6.7
52.5,4.2,12.7
52.5,4.27,12.29
52.5,4.28,10.18
52.5,4.3,14
52.5,4.33,4.02
52.5,4.45,10.11907574
52.5,4.5,6.6
52.5,4.52,7
52.52,3.03,7.2
52.52,3.67,11.50953787
52.52,3.83,11.3
52.52,3.85,14.3
52.52,4,12.2
52.52,4.35,7.5
52.52,4.52,11
52.53,2.63,7.15
52.53,2.83,9.2
52.53,2.9,8.1
52.53,2.95,10.6
52.53,3.08,10.1
52.53,3.33,11.8
52.53,3.42,9.75
52.53,3.67,13.7
52.53,3.8,10.4
52.53,4,9.2
52.55,3.33,12.6
52.55,3.38,11.76
52.55,3.4,11.5
52.55,3.58,9.466666667
52.55,3.67,8.7
52.55,4,12.15
52.57,2.37,6.7
52.57,3.03,7
52.57,3.08,7.4
52.57,3.13,8.45
52.57,3.17,13.7
52.57,3.33,10.68
52.57,3.38,10.11907574
52.57,3.42,12.39
52.57,3.67,7.17
52.57,3.88,7
52.57,4,8.145
52.58,2.53,6.37
52.58,2.8,13.77
52.58,3.18,7.61
52.58,3.33,7.96
52.58,3.58,6.9
52.58,3.67,7.4
52.58,4,12.3
52.6,1.77,13.81
52.6,2.07,10.11907574
52.6,2.83,6.01
52.6,2.93,5.28
52.6,3.05,14.19
52.6,3.33,13.6
52.6,3.43,6.3
52.6,4,14.2
52.6,4.03,6.1
52.62,2.83,11.9
52.62,2.95,5.6
52.62,3.33,10.11907574
52.62,4,12.77
52.63,1.93,6.24
52.63,2.73,8.9
52.63,2.83,13.7
52.63,2.92,14.44
52.63,3.33,10.9
52.63,3.42,10.11907574
52.63,3.45,10.1
52.63,3.67,10.5
52.63,3.78,5.4
52.63,3.82,7.9
52.63,4,6.9
52.63,4.08,7.4
52.63,4.43,13.8
52.65,1.83,12.8
52.65,2.07,9.9
52.65,2.33,9.4
52.65,2.35,7.8
52.65,2.53,10.25953787
52.65,2.77,11.7
52.65,2.83,13.8
52.65,3.33,8
52.65,3.48,8.8
52.65,4,11.5
52.6523,2.4977,11.4
52.669,4.4448,12.9
52.67,2,10.35
52.67,2.3,11.95
52.67,2.33,13.9
52.67,2.67,14.7
52.67,2.83,10
52.67,3.17,8.706358581
52.67,3.2,9.325
52.67,3.33,10.22976894
52.67,3.35,6.8
52.67,3.45,7.5
52.67,3.67,12.2
52.67,3.75,12.45
52.67,3.83,11.66666667
52.67,3.92,9.825
52.67,4,11.075
52.67,4.03,9.75
52.67,4.22,9.359537872
52.67,4.28,11.5
52.67,4.35,10.8
52.67,4.37,8
52.67,4.4,8.1
52.67,4.52,6.2
52.67,4.53,8.833333333
52.67,4.57,8.35
52.68,2.33,10.7
52.68,2.67,9.853179291
52.68,2.83,13.2
52.68,3.05,12.6
52.68,3.33,14.3
52.68,3.67,6.6
52.68,4,10.11907574
52.7,2.33,9.087630297
52.7,3.12,10.11907574
52.7,3.3,10.11907574
52.7,3.32,8.6
52.7,3.33,13.79
52.7,3.5,10.1
52.7,3.62,9.4
52.7,3.67,8.7
52.7,3.83,7
52.7,3.88,10.11907574
52.7,4,6.7
52.7,4.02,14.6
52.7023,3.879,10.5
52.72,2.33,13.1
52.72,2.83,8.9
52.72,3.67,12.6
52.72,4,13.6
52.73,2.3,4.9
52.73,2.33,9.5
52.73,2.42,10.8
52.73,2.95,13.88
52.73,2.97,14.1
52.73,3.6,10.4
52.73,3.67,3.9
52.73,3.93,9.43
52.73,3.98,5.2
52.73,4,14.05
52.73,4.18,13.3
52.75,2.08,12.56666667
52.75,3.33,8.366666667
52.75,3.67,9.809090909
52.75,3.7,9.759128156
52.75,3.82,11.35714286
52.75,4,10.225
52.75,4.5,8.623815149
52.77,1.83,11.1
52.77,2.53,8.3
52.77,2.93,12
52.77,3.5,12.8
52.77,3.6,10.5
52.77,3.67,10.8
52.77,4,13.3
52.78,1.83,12.6
52.78,2,14
52.78,2.25,5.02
52.78,2.8,8.8
52.78,3.67,6.9
52.78,3.73,6.56
52.78,4,14.2
52.78,4.47,13.6
52.8,1.83,6.4
52.8,3.23,11.4
52.8,3.28,5.6
52.8,3.38,9.38
52.8,3.55,8.7
52.8,3.67,15.7
52.8,4,14.15
52.82,1.83,7.23
52.82,1.87,7.38
52.82,2.33,12.5
52.82,2.88,12.14
52.82,3.17,14.1
52.82,3.67,7.53
52.82,4,6.31
52.83,1.63,7.17
52.83,1.83,8.72
52.83,2,4.44
52.83,2.5,5.5
52.83,2.83,14.17
52.83,3.05,10.7
52.83,3.33,6.7
52.83,3.37,13.08
52.83,3.57,14.01
52.83,3.67,8
52.83,4,7.14
52.83,4.25,9.31
52.83,4.28,10.11907574
52.83,4.3,5.82
52.83,4.38,15.95
52.83,4.53,6.3
52.83,4.58,5.3
52.83,4.6,10.8
52.85,1.83,8.7475
52.85,2.83,10.29
52.85,2.97,10.11907574
52.85,3.33,6.4
52.85,3.67,6
52.85,3.83,8.3
52.87,1.68,11.15953787
52.87,1.8,7.6
52.87,1.83,13.9
52.87,2.85,12
52.87,3.17,10.20381515
52.87,3.2,10.2
52.87,3.32,9.15
52.87,3.33,10.7
52.87,3.58,14.8
52.87,3.67,12.93333333
52.87,3.8,11.5
52.87,4,12.96666667
52.87,4.47,9.133333333
52.87,4.53,10.1
52.88,3.22,12.1
52.88,3.33,8.6
52.88,3.38,9.15
52.88,3.67,8.6
52.88,3.78,12.5
52.88,3.83,6.3
52.88,4,6.5
52.9,0.3,12.8
52.9,0.32,10.9
52.9,0.42,6.115
52.9,2.5,8.2
52.9,3.03,5.9
52.9,3.2,6.08
52.9,3.33,5
52.9,3.67,13.6
52.9,4.08,9.7
52.9023,4.0788,11.54
52.92,0.25,11.8
52.92,0.32,8.87
52.92,2.33,6.41
52.92,2.83,5.7
52.92,3,5
52.92,3.02,14.1
52.92,3.33,11.2
52.92,3.67,13.67
52.92,4,14.9
52.92,4.08,14.41
52.93,3.33,6.7
52.93,3.45,8.98
52.93,3.67,8
52.93,4.2,6
52.93,4.5,5.86
52.95,0.13,13.3
52.95,0.15,12.64
52.95,0.3,5.6
52.95,0.38,9.2825
52.95,0.42,10.24830736
52.95,2.33,10.29524242
52.95,3.33,9.574461431
52.95,3.4,10.6125
52.95,3.67,13.2
52.969,2.731,14.3
52.97,0.13,7.52
52.97,0.28,7.36
52.97,0.3,7.3
52.97,0.32,10.7
52.97,0.38,8.6
52.97,0.4,14.38
52.97,0.42,7.2
52.97,2.33,6.93
52.97,2.87,10.46
52.97,3.13,9.22
52.97,3.33,6.93
52.97,3.67,12.4
52.97,4.17,5.62
52.97,4.33,6.66
52.97,4.57,8.9
52.98,0.23,10.04
52.98,0.38,10.58
52.98,2.33,6.88
52.98,3,5.9
52.98,3.33,14.02
52.98,3.67,8.8
52.98,4.52,9.4
52.98,4.58,13.7
53,0.25,4.9
53,0.27,5.6
53,0.37,6
53,0.42,8.84
53,0.47,14.5
53,1.33,11.4
53,1.73,10.11907574
53,2.33,11.6
53,2.5,10.56
53,2.83,10.11907574
53,3,8.68
53,3.33,10.88
53,3.45,6.53
53,3.67,3.7
53,4,11.9
53,4.28,14.69
53,4.4,13.47
53,4.43,6.32
53,4.45,10.9
53,4.5,7.7
53,4.53,6.7
53.02,0.42,8.632258065
53.02,0.43,15.275
53.02,0.47,4
53.02,3.33,10.11907574
53.02,3.77,7.7
53.02,4.37,8.23
53.02,4.4,5
53.03,0.32,9.2
53.03,0.33,7
53.03,0.4,8.94
53.03,0.43,10.5
53.03,0.45,14.75
53.03,0.47,5.5
53.03,2.83,13.8
53.03,3.05,5
53.03,3.33,17.2
53.03,3.42,4.8
53.03,4.27,6.13
53.05,0.4,10.3
53.05,0.47,8.7
53.05,0.48,10.2
53.05,0.52,11.6
53.05,3.33,11
53.05,3.67,13.4
53.05,3.72,10.95
53.07,0.33,13.03888889
53.07,0.42,13.21538462
53.07,0.48,11.33333333
53.07,0.53,13.6
53.07,2.83,8.94
53.07,3.02,14.4
53.07,3.3,5
53.07,3.33,13.2
53.07,3.88,14.7
53.07,4.08,15.3
53.08,0.47,14.99
53.08,2.83,4.8
53.08,2.92,8.066666667
53.08,3.05,15.9
53.08,3.33,8.581818182
53.1,0.47,11.31
53.1,0.48,4.2
53.1,0.53,13.1
53.1,2.83,11.6
53.1,3.33,9.8
53.1,3.67,8.466666667
53.1,3.78,8.63125
53.1,4,9.075
53.119,4.5602,7.4625
53.12,0.4,5.25
53.12,0.53,9.8
53.12,0.9,10.4
53.12,2.3,12.65
53.12,2.6,11.85
53.12,2.83,13.3
53.12,3.3,11
53.12,3.33,15.6
53.12,3.4,8.71
53.12,3.7,6.9
53.12,3.73,11.2
53.12,3.97,13.9
53.12,4.7,15.7
53.13,0.55,5.9
53.13,0.63,8
53.13,1.33,13.5
53.13,2.83,10.8
53.13,3,14.2
53.13,3.33,9.7
53.13,3.37,6.4
53.13,3.85,9.833333333
53.15,0.48,13.9
53.15,0.58,11.6
53.15,1.57,9.754978994
53.15,2.83,9.5
53.15,3.22,6.166666667
53.15,3.33,10.24
53.15,3.67,6.1
53.15,4.58,11.5
53.1523,3.5458,7
53.1523,4.0142,9.6
53.169,4.5122,15.1
53.17,0.42,13.6
53.17,0.57,8.6
53.17,0.62,9
53.17,1.13,12.8
53.17,1.5,10.05
53.17,1.55,14.3
53.17,2.33,14
53.17,2.58,15.7
53.17,2.67,5.54
53.17,2.83,10.5
53.17,3,7.31
53.17,3.08,7.26
53.17,3.33,5.3
53.17,3.67,10.38
53.17,3.75,11.5
53.17,3.98,7
53.17,4,11.1
53.17,4.53,14
53.17,4.55,7.96
53.17,4.7,10.8
53.18,0.43,11.5300885
53.18,0.53,7.4
53.18,2.83,5.6
53.18,3.18,5.5
53.18,4.78,15.01
53.2,0.6,7
53.2,0.62,15.03
53.2,2,14.69
53.2,2.5,7
53.2,2.67,10.11907574
53.2,2.83,6
53.2,2.87,9.2
53.2,3.33,13
53.2,3.7,6.95
53.2,4,15.5
53.22,0.67,7.2
53.22,2.83,7.6
53.22,3.33,10.3
53.22,4.28,9.5
53.22,4.77,13.8
53.23,1.32,10.375
53.23,2.33,10.53333333
53.23,2.8,11.4
53.23,2.83,7.833333333
53.23,3.02,8.86
53.23,3.33,11.98
53.23,3.75,12.61111111
53.25,0.5,8.7
53.25,0.53,13.4
53.25,0.7,11.2
53.25,1.23,6.333333333
53.25,1.67,12.9
53.25,2.33,11.75
53.25,2.83,4.4
53.25,3.3,14.71
53.25,3.33,9.2
53.27,0.53,10.15
53.27,0.67,13.6
53.27,0.68,9.7
53.27,2.33,10.86726894
53.27,2.67,10.5125
53.27,2.83,12.05238447
53.27,3.05,11.01
53.27,3.08,11.26
53.27,3.33,11.2
53.27,4.07,13.8
53.27,4.28,5.85
53.28,0.77,9.1
53.28,2.33,7.6
53.28,2.67,11.4
53.28,2.8,12.6
53.28,4.88,11.2
53.3,0.43,6.6
53.3,1.87,11.4
53.3,2,12.2483871
53.3,2.33,8.2
53.3,2.67,9
53.3,2.83,14.92
53.3,3.77,4.8
53.319,2.6792,13.3
53.32,0.47,7.2
53.32,0.53,14.28
53.32,0.75,6
53.32,2.33,10.9
53.32,2.67,6.1
53.32,2.83,9
53.32,3.33,13.7
53.33,0.5,8.9
53.33,0.7,15.8
53.33,0.75,9.2
53.33,0.9,9.4
53.33,1.17,11.5
53.33,1.5,14.6
53.33,1.52,6
53.33,2,10.31111111
53.33,2.27,9.9
53.33,2.33,13.7
53.33,2.65,14.2
53.33,2.67,10.43333333
53.33,3,6.5
53.33,3.43,11.46666667
53.33,4,9.179768936
53.33,4.57,10.80476894
53.33,4.63,6.9
53.33,4.8,9.633333333
53.35,0.55,14.55
53.35,0.7,12.86
53.35,1.12,13.8
53.35,2.33,11.00545021
53.35,2.65,13.33969191
53.35,2.67,9.856279613
53.35,3.43,6.7
53.35,4.63,12.2
53.37,0.47,6.7
53.37,0.83,1.7
53.37,1.03,9.83
53.37,1.83,1.3
53.37,2.33,10.51
53.37,2.75,13.3
53.37,3.67,10.2
53.37,3.77,10.4
53.38,0.55,10.30953787
53.38,0.8,8.2
53.38,2.33,11.3
53.38,2.67,6.9
53.38,3,6.7
53.3857,3.6478,13.8
53.4,0.5,14.05
53.4,0.6,2
53.4,0.63,12.09
53.4,0.7,1.6
53.4,1.23,6
53.4,2.33,7.2
53.42,0.53,10.11907574
53.42,0.73,14.2
53.42,0.82,9.8
53.42,0.95,9.5
53.42,1.13,14.99
53.42,2,15.4
53.42,2.33,1.5
53.42,2.67,5.8
53.42,2.85,9.795
53.42,3,3.4
53.42,3.67,13.78
53.42,3.72,13.8
53.42,3.75,13
53.43,-3.57,11.4
53.43,0.32,8.6
53.43,0.43,1.6
53.43,0.47,5.6
53.43,0.48,2.6
53.43,0.62,13.5
53.43,1.83,2.6
53.43,2.33,6.4
53.43,2.67,7.6
53.43,2.83,7.4
53.43,2.87,12.9
53.45,0.78,12.5
53.45,1.83,10.44
53.45,1.85,11.6
53.45,2,13.9
53.45,2.33,13.4
53.45,2.67,7.6
53.45,3.5,9.4
53.45,3.67,2.2
53.47,-3.45,6.7
53.47,0.55,2.6
53.47,0.68,2.5
53.47,1.67,4
53.47,1.77,10.11907574
53.47,1.82,12.9
53.47,1.83,16.4
53.47,2.33,11.505
53.47,2.67,2
53.47,2.82,14.69
53.47,3,14.43
53.48,1.83,14.1
53.48,2,15.03
53.48,2.33,14.47
53.48,2.63,11.3
53.48,2.67,3.9
53.48,3.32,6.9
53.48,5.13,14.2
53.5,0.47,10.6
53.5,0.58,15.31
53.5,0.62,10.92358653
53.5,0.73,6.1
53.5,0.75,5.81
53.5,1.75,4.2
53.5,1.83,13.1
53.5,2,1.8
53.5,2.03,11.9
53.5,2.33,14.6
53.5,2.58,3
53.5,2.67,8.3
53.5,2.83,15.4
53.5,2.98,8.9
53.5,3.33,6.15
53.5,4.5,9.814285714
53.5,5.4,12.53333333
53.52,1.83,13.64545455
53.52,2,11.6
53.52,2.33,14.12
53.52,2.67,8.9125
53.52,3.4,13
53.52,3.97,15
53.53,-3.32,17.3
53.53,0.42,7.8
53.53,0.83,14.3
53.53,1.6,2.2
53.53,1.83,11.9
53.53,3.78,14
53.55,0.43,12.19
53.55,1.83,9.6
53.55,2.67,9.6
53.57,0.08,11.17938383
53.57,0.5,10.55
53.57,1.33,6.725
53.57,1.83,5.2
53.57,2.33,9.557142857
53.57,2.65,9.8
53.57,2.67,11.85
53.58,0.4,9.87
53.58,0.62,14.6
53.58,0.68,9.6
53.58,0.8,9.5
53.58,1.1,15.8
53.58,1.83,15
53.58,2.67,10.11907574
53.58,2.68,2.6
53.58,5.65,11.4
53.58,5.93,9.966666667
53.5857,4.4297,11.08571429
53.5857,4.911,8.341666667
53.6,1.83,8.75
53.6,2,7.2875
53.6,2.67,10.65
53.6,3.25,8.55
53.6,3.28,5.5
53.6,3.57,5.5
53.62,0.35,12.5
53.62,0.43,1.4
53.62,2.67,10.63333333
53.62,3.68,8.6
53.63,0.67,11.1
53.63,2,14.1
53.63,3.63,12.65
53.63,3.7,12.9
53.65,0.28,14.8
53.65,0.5,13.5
53.65,1.93,10.11907574
53.65,2,10.4
53.65,6.28,11.21271716
53.6523,3.7127,10.11907574
53.669,3.63,4.2
53.67,0.33,7.6
53.67,0.35,9.9
53.67,0.63,8.84
53.67,1,15
53.67,1.47,1.3
53.67,1.5,7.52
53.67,2,13.4
53.67,2.27,9.5
53.67,2.3,3.2
53.67,2.5,6.8
53.67,2.58,2.6
53.67,2.67,9.4
53.67,3.1,3.4
53.67,3.33,7.2
53.67,3.5,3.6
53.67,3.67,8.8
53.67,4.57,6.6
53.68,1.08,3.8
53.68,1.33,12.2
53.68,2,13.6
53.7,0.73,8.6
53.7,3.17,14.61
53.719,4.0797,7.58
53.72,1.83,13.7
53.72,2,7.5
53.72,2.27,7.7
53.72,3.3,10.6
53.72,3.48,2.8
53.73,1.9,14.25
53.73,2.03,13.7
53.73,2.6,14.5
53.73,3.63,8.9
53.75,0.7,5.4
53.75,1.33,10.5
53.75,1.67,2.8
53.75,1.9,1.4
53.75,1.93,1.6
53.75,2,3.3
53.75,2.33,13.7
53.75,2.62,8.97
53.75,2.67,2.3
53.75,3,16.7
53.75,3.3,2.8
53.75,4,15.36
53.7523,6.8095,6.9
53.77,1.25,4
53.77,1.78,15.64
53.77,1.82,3.7
53.77,1.87,10.11907574
53.77,1.88,10.6
53.77,1.9,6.3
53.77,1.92,7
53.77,2,7.8
53.77,3.25,8.5
53.77,3.27,12.2
53.77,3.3,10.2
53.77,3.33,14.7
53.78,-3.3,13.1
53.78,1.75,11.7
53.78,1.82,10.9
53.78,1.88,3.2
53.78,1.9,9.5
53.78,1.92,11.4
53.78,1.97,2
53.78,2,2.2
53.78,3.35,1.6
53.8,-3.48,2.6
53.8,1.45,7.9
53.8,1.77,12.3
53.8,1.87,14.2
53.8,1.88,7.1
53.8,1.9,8.66
53.8,1.95,14.1
53.8,2,13.4
53.8,2.3,4.6
53.8,2.33,7.61
53.8,2.82,10.94589257
53.8,3.35,4.9
53.8,3.67,2.4
53.8,3.78,2.8
53.8,6.5,14.3
53.8,6.82,13.1
53.8023,7.293,2.5
53.819,4.6953,2.1
53.82,1.9,14.62
53.82,6.78,10.26
53.83,0.07,14.1
53.83,0.2,14.95
53.83,0.35,9.2
53.83,0.85,7.5
53.83,1.73,9.58
53.83,1.9,3.8
53.83,2,10.2
53.83,2.47,1.9
53.83,2.58,2.6
53.83,2.83,6.2
53.83,7.1,7.4
53.85,0.67,13
53.85,1.65,7.6
53.85,2,8.5
53.85,3.05,9.8
53.85,3.17,11.1
53.85,3.6,8.8
53.85,7.4,7.7
53.869,7.7935,6.3
53.87,-3.53,4.4
53.87,-3.5,3.8
53.87,0.15,8.55
53.87,1,2.6
53.87,2,2
53.87,2.67,8.3
53.87,2.72,10
53.87,3.58,14.3
53.87,3.6,11.7
53.88,0.7,11.6
53.88,1,11.3
53.88,1.13,14.3
53.88,2,15.8
53.88,2.63,14.5
53.88,2.67,4.8
53.88,2.68,5.9
53.88,2.7,12.76190476
53.88,2.72,9.1
53.88,2.75,9.8
53.9,1,5.3
53.9,1.33,5.2
53.9,2,11
53.9,2.67,2.3
53.9,2.7,10.11907574
53.9,2.72,10.11907574
53.9,3.7,6.0125
53.92,-3.48,15.3
53.92,1,11.75
53.92,1.73,10.4
53.92,2,7.6
53.92,2.02,14.35
53.92,2.33,6.3
53.92,2.72,13.1
53.92,3.42,11.1
53.92,4.67,8.22
53.93,0.75,10.55
53.93,1,7.15
53.93,2,9.373025248
53.93,2.78,9.65
53.93,3.62,11.9
53.95,0.97,12.2
53.95,1,8.375
53.95,2.72,8.1
53.95,6.75,11.3
53.95,7.87,10.1
53.9523,7.9933,8.666666667
53.97,0.05,3.6
53.97,0.67,14.25
53.97,1,7.2
53.97,1.33,14.7
53.97,2.33,9.1
53.97,2.47,10.8
53.97,3.53,9
53.97,6.75,12
53.98,1.33,10.11907574
53.98,2.38,6.5
53.98,2.7,13.7
53.98,3.52,7.5
53.98,3.53,10.5
53.98,7.83,7.6
53.98,7.92,6.7
54,0.08,11.8
54,0.15,8.2
54,0.35,8
54,0.65,6.4
54,0.67,16.4
54,1.2,10.2
54,1.33,3.2
54,2,7
54,2.17,14.5
54,2.25,9.5
54,2.27,8.15
54,2.33,10.1
54,2.67,14
54,3.48,5.4
54,3.5,10.2
54,3.53,6.1
54,3.55,10.7
54,3.58,7.5
54,3.62,11.6
54,3.68,15.3
54,4,8.3
54,4.57,17.6
54,4.58,6.9
54,7.85,10.43954512
54,7.87,8.688888889
54,7.88,10.55
54,8.17,12.2
54.02,1.02,6.8
54.02,3.53,10.8
54.02,3.57,8.4
54.02,3.58,9.9
54.02,7.82,3.6
54.02,7.83,3.4
54.02,7.85,2.3
54.02,7.87,10.3
54.03,0.05,6.1
54.03,0.67,7.9
54.03,2,8.5
54.03,2.48,9.06
54.03,3.53,2.2
54.03,3.7,1.9
54.03,7.92,10.8
54.05,2.47,11.7
54.05,3.45,4
54.05,3.53,12
54.05,3.72,10.7
54.05,6.78,15.5
54.05,7.77,9.4
54.05,8.2,10.74
54.07,1.33,2.3
54.07,1.9,3
54.07,2.47,8.9
54.07,2.5,12.7
54.07,3.47,10.7
54.07,6.78,11.9
54.07,7.9,9.7
54.08,1.33,13.1
54.08,1.5,14.6
54.08,1.7,10.3
54.08,1.95,1.6
54.08,2.17,3
54.08,2.33,2.3
54.08,3.37,2.7
54.08,5.15,2.2
54.08,6.78,2.8
54.08,7.62,3.1
54.1,0.67,5.9
54.1,1.22,6.4
54.1,1.33,6.4
54.1,4.27,6
54.1,6.77,8.2
54.1,6.78,6.7
54.1,6.8,2.4
54.1,6.82,2.5
54.12,0.63,13.8
54.12,1.33,14.3
54.12,1.45,6.2
54.12,2.38,6
54.12,6.78,7.6
54.12,6.8,13.51666667
54.13,0,11.03333333
54.13,0.45,11.4
54.13,0.47,12.5
54.13,1.1,12.08333333
54.13,1.33,13.4
54.13,1.5,8.525
54.13,1.55,11.3
54.13,1.85,12.15
54.13,1.95,10.525
54.13,2.03,10.31428571
54.13,4.43,16.5
54.13,6.2,13.04545455
54.13,6.78,13.68333333
54.13,6.8,11.36666667
54.13,7.07,9.14
54.13,7.5,6.7
54.13,7.53,6.1
54.13,7.55,14.5
54.15,0.7,15
54.15,1.5,14.2
54.15,4.38,5.4
54.15,4.4,11
54.15,4.43,14.1
54.15,6.78,7.9
54.15,7.5,7.775
54.15,7.52,9.183333333
54.15,7.53,8.4
54.15,7.55,11.64
54.17,0.07,13.15
54.17,1,16.7
54.17,1.33,7.1
54.17,1.5,9.2
54.17,1.93,4.8
54.17,2,10.22666667
54.17,2.27,15.3
54.17,3.6,10.7
54.17,4.38,9.657142857
54.17,4.4,8.942857143
54.17,4.43,10.45
54.17,4.45,11
54.17,4.47,3.4
54.17,4.5,10.22
54.17,6.28,6.5
54.17,6.3,12.8
54.17,6.78,15.9
54.17,6.88,12.975
54.17,7.07,8.36
54.18,0.08,5.7
54.18,1.33,11
54.18,1.5,12.1
54.18,1.83,8.8
54.18,4.43,15.06
54.18,7.33,14.29
54.18,8.17,4.2
54.1857,7.5943,13.3
54.1858,6.8507,11.4
54.2,1.33,9.9
54.2,1.5,7.3
54.2,1.73,12.9
54.2,3.32,7.2
54.2,3.4,6.3
54.2,3.5,2.8
54.2,4.42,10.1
54.2,4.43,6.4
54.2,5.08,9.3
54.2,6.78,11.6
54.2,6.83,13.5
54.2,7.33,5.3
54.2,7.62,8.84
54.2023,6.8115,2.35
54.2192,7.401,8.84
54.22,1.33,2.2
54.22,1.5,3
54.22,3.75,11.9
54.22,4.43,10.1
54.23,0.23,9.4
54.23,0.32,7.9
54.23,1.5,9.8
54.23,2,2.6
54.23,4.43,6.4
54.23,5.38,8.6
54.23,5.9,9.82
54.23,6.78,13.2
54.23,7.32,15.4
54.25,1.33,5.6
54.25,1.95,9.9
54.25,2.08,5.6
54.25,6.78,6.1
54.25,7.23,15.4
54.2523,4.2137,10.1
54.2523,5.7287,13.9
54.2692,7.1512,13.8
54.2692,7.2178,7.5
54.27,-0.07,15.6
54.27,0.52,11.8
54.27,1.33,11
54.27,5.27,3.9
54.27,5.35,6.8
54.27,5.83,14.43333333
54.27,6.23,15
54.27,6.78,9.85
54.27,6.8,2
54.27,7.18,9.8
54.28,0.08,14.5
54.28,5.17,10.11907574
54.28,6.2,8.2
54.28,6.22,14.3
54.28,6.5,9.2
54.28,6.78,11.1
54.2857,7.1783,6.5
54.2857,7.6627,5.6
54.2858,6.2513,1.9
54.2858,6.7847,2.8
54.2858,6.8172,1.8
54.3,1.8,1.6
54.3,2,14.3
54.3,4.5,7.1
54.3,5,10.6
54.3,5.3,11.7
54.3,5.35,8.7
54.3,5.37,7.48
54.3,5.43,6.2
54.3,5.58,8.68
54.3,5.6,2.5
54.3,5.62,2.7
54.3,5.67,8.53
54.3,5.75,14.3
54.3,6.2,10.6
54.3,6.47,2.6
54.3,6.78,6.5
54.3,8.15,1.8
54.3192,5.1013,8.5
54.32,0.08,6.4
54.32,0.65,9.5
54.32,1.33,5.5
54.32,4.43,16.3
54.32,5.35,1.4
54.32,5.37,4.9
54.32,5.42,2.2
54.32,5.58,15.42
54.32,6.18,4.5
54.32,6.2,10.11907574
54.32,6.78,13
54.33,0.67,12.90953787
54.33,0.9,8.9
54.33,1.33,3.7
54.33,1.43,14.2
54.33,2,3.3
54.33,2.05,10.11907574
54.33,2.58,6.3
54.33,3.25,15.2
54.33,3.5,6.05
54.33,3.55,6
54.33,5.35,5.6
54.33,5.37,9.075
54.33,5.42,12.4
54.33,5.6,11.03333333
54.33,6.2,10.42222222
54.33,6.78,12.24285714
54.33,6.85,10.40635858
54.33,7.23,14.35
54.33,7.53,12.33333333
54.33,7.63,6.7
54.3357,7.0113,14.2
54.348,7.3,9.1
54.35,0.67,14.2
54.35,2,11.2
54.35,2.28,13
54.35,3.25,8.4
54.35,3.27,7.4
54.35,5.43,7.7
54.35,5.58,11.8
54.35,5.6,12
54.35,6.7,7.7
54.35,6.78,8.6
54.35,6.8,11.1
54.35,7.02,11.5
54.3692,6.2348,15.3
54.37,2,8.5
54.37,3.25,4.6
54.37,3.47,2
54.37,5.35,7.7
54.37,5.6,2.8
54.37,6.78,8.1
54.38,0.67,6.6
54.38,1.5,12.8
54.38,1.93,7.3
54.38,2,8.78
54.38,5.6,1.8
54.4,0.67,6
54.4,0.97,6.1
54.4,1.5,3
54.4,1.6,4.3
54.4,2,6.6
54.4,2.35,12.1
54.4,3.45,6.3
54.4,5.6,13.5
54.4,5.63,11.5
54.4,6.78,8.5
54.4,6.83,5.6
54.4,7.15,2.2
54.4025,6.368,2.55
54.42,0.67,7.1
54.42,0.77,8.1
54.42,1.33,6.5
54.42,2,5.5
54.42,2.05,5.8
54.42,2.1,4.8
54.42,6.2,5.8
54.42,6.43,12.2
54.42,6.77,1.8
54.43,0.67,2.4
54.43,2,5.8
54.43,2.33,16.2
54.43,5.6,6.9
54.43,5.67,6.4
54.43,6.2,8.1
54.45,0.67,1.9
54.45,0.75,8.2
54.45,0.8,11.5
54.45,2,16.9
54.45,5.6,3.8
54.47,0.08,3.2
54.47,0.67,2
54.47,0.88,15.3
54.47,2,16
54.47,3.57,4.5
54.48,0.67,7.7
54.48,1.28,4.9
54.48,5.6,10.3
54.5,-0.5,12.1
54.5,-0.13,8.2
54.5,0.58,7.9
54.5,0.67,14.05
54.5,1.33,12.1
54.5,1.48,12.9
54.5,2,11.45
54.5,3.4,1.7
54.5,3.53,6.3
54.5,4.42,10.4
54.5,5.13,5.8
54.5,5.6,3.1
54.5,5.82,10.2
54.5,6.25,4.8
54.5,6.43,6.3
54.5,6.83,2.3
54.5,6.88,14.8
54.5,7.53,12.4
54.5,10.3,14.7
54.5192,5.7012,8.2
54.52,-0.53,7.4
54.52,0.08,7.6
54.52,0.67,6.5
54.52,0.88,11.4
54.52,2,8.6
54.52,3.45,7.02
54.52,4.42,8.1
54.52,5.6,2.4
54.53,-0.15,2.6
54.53,0.67,12.7
54.53,1.33,10.9
54.53,1.63,5.6
54.53,1.93,8.9
54.53,3.53,1.6
54.53,5.58,2.3
54.53,5.6,2.2
54.53,10.45,2.3
54.5358,6.4678,1.6
54.55,0.08,3
54.55,0.67,12
54.55,2.03,11.8
54.55,4.42,9.8
54.55,5.6,7.4
54.5692,5.4343,6
54.57,-0.5,8.3
54.57,2.92,8
54.57,3.7,6.5
54.57,4.42,11.5
54.57,4.47,14.7
54.57,5.58,13.7
54.57,5.6,16
54.58,0.08,16.2
54.58,0.67,15.4
54.58,1.42,8.7
54.58,4.42,2.6
54.58,5.58,1.6
54.58,5.6,14.9
54.58,6.07,7.9
54.58,10.57,12.1
54.6,1.87,8.2
54.6,1.9,8.475
54.6,2.9,11.82777778
54.6,3.03,12.5
54.6,3.4,11.53333333
54.6,4.42,6.7
54.62,-0.5,16.2
54.62,-0.2,4.4
54.62,0.67,2.2
54.62,1.47,2.4
54.62,3.25,6.1
54.62,4.42,12.1
54.62,5.7,9.5
54.63,-0.5,7.9
54.63,-0.32,9.6
54.63,0.67,5.4
54.63,3.37,8.5
54.63,6.13,9.6
54.63,6.2,6.375
54.63,6.25,8.614285714
54.65,-0.18,12.9
54.65,3,12.65
54.67,-0.5,9.159537872
54.67,0.08,8.466666667
54.67,0.63,8.9
54.67,0.67,11.7
54.67,1.2,9.025
54.67,1.47,9.054768936
54.67,2.72,10.625
54.67,4.42,7.339691915
54.67,4.5,8.5
54.67,5.65,12.9
54.67,7.08,5
54.67,8.1,13.5
54.68,0.65,8.8
54.68,0.67,15.9
54.68,0.85,7.65
54.68,1.33,10.93333333
54.68,4.42,12.425
54.68,6.07,11.36
54.7,0.08,8.675
54.7,0.67,10.7486835
54.7,3,9.75
54.7,4.42,9.8
54.7192,2.4342,9.7
54.72,-1.08,7.3
54.72,-0.08,8.1
54.72,0.08,7.2
54.72,1.37,10.55
54.72,4.42,18.2
54.73,0.12,3
54.73,0.67,5.6
54.73,3.52,6.3
54.73,4.42,10.6
54.73,6.18,5.1
54.7357,5.664,12.35
54.75,0.08,13.5
54.75,0.67,9.659537872
54.75,2.83,15
54.75,4.42,10.11907574
54.75,4.43,6.3
54.75,4.45,8.9
54.7525,2.4175,3.15
54.77,3,16.3
54.77,3.25,10.3
54.77,3.47,15.9
54.77,3.67,16
54.77,4.42,13.8
54.78,0.08,12.3
54.78,0.67,7.8
54.78,2.53,8.8
54.78,3,11.55
54.78,3.25,3.6
54.78,4.42,10.4
54.78,4.43,2.2
54.8,-0.5,2.4
54.8,0.08,6.1
54.8,2.92,3
54.8,3,16
54.8,3.25,16
54.8,3.47,6
54.8,4.42,6
54.8,4.43,6.1
54.8,6.98,11.6
54.819,7.095,13.1
54.82,-0.5,8.7
54.82,0.08,11.7
54.82,1.78,14.7
54.82,3,8.8
54.82,3.25,4.1
54.82,3.28,8.2
54.82,4.42,1.6
54.82,5.97,5.6
54.83,0.08,1.9
54.83,1.08,2.1
54.83,2.7,12
54.83,3,5.9
54.83,3.25,13.8
54.83,6.82,8.1
54.85,-0.42,13.85
54.85,0.08,14.9
54.85,3,16.45
54.85,3.05,9.5
54.85,3.25,12.05
54.85,4.43,12.75
54.8525,3.8173,12.55
54.87,0.08,13.275
54.87,1.1,9.55
54.87,2.67,12.46
54.87,3,13.02857143
54.87,3.23,10.93846154
54.87,3.25,11.64444444
54.87,4.42,11.49230769
54.87,13.02,13.85
54.88,0.08,15.23333333
54.88,0.33,5.5
54.88,1.25,12.2
54.88,1.47,4.75
54.88,3.25,13.3
54.88,5,14.7
54.9,-1.08,10.11907574
54.9,-0.5,11.7
54.9,2.22,9.854768936
54.9,2.4,6.133333333
54.9,2.73,8.65
54.9,2.8,7.345454545
54.9,3,10.86666667
54.92,-0.33,5.24
54.92,0.08,14.6
54.92,1.25,13.2
54.92,2.82,6.2
54.92,3,12
54.92,3.25,16.4
54.92,3.33,8.3
54.92,3.5,8.633333333
54.92,3.53,12.35
54.93,2.8,8.466666667
54.93,3,9.1
54.93,3.25,9.377777778
54.95,0.67,8.4
54.95,2.8,15.225
54.95,3,10.73333333
54.95,3.22,16.5
54.95,3.25,11.18843939
54.97,2.85,13.1
54.97,3.25,9.9
54.97,5,12.02
54.98,0.08,5.7
54.98,3.25,10.5375
54.98,5.63,9.4
55,-0.5,8.6
55,0.07,9.5875
55,0.08,10.2375
55,1.2,10.35
55,1.62,11.96666667
55,2,12.9
55,3.25,15.3
55,3.27,9.409537872
55,3.47,11.35
55,3.77,4.6
55,8.08,10.11907574
55.02,-0.5,15.3
55.02,3.25,5.9
55.02,5.57,11.8
55.02,11.02,8
55.03,-0.5,7.7
55.03,2.03,3.5
55.03,3,13.2
55.03,3.25,3.7
55.03,3.28,10.3
55.03,3.38,15.2
55.03,3.5,5.7
55.05,3.33,6.1
55.05,3.43,2.3
55.07,-0.5,2.4
55.08,-1.08,2.2
55.08,-0.5,1.2
55.08,1.1,13.3
55.08,2.05,14.4
55.1,-0.5,16.3
55.1,1.5,13.7
55.1,1.77,15.8
55.1,2.05,9.5
55.1,2.07,1.7
55.1,3.3,5.7
55.1,11.03,2.2
55.1023,5.097,6.8
55.12,-0.5,11.8
55.12,0.08,6.5
55.12,2.05,7.9
55.12,2.08,6.9
55.12,3.17,13.9
55.12,5.35,9.4
55.13,-1.08,2
55.13,-0.9,2.3
55.13,-0.5,15.3
55.13,1.08,8.5
55.13,2.05,6.84
55.13,2.5,6.1
55.13,3.85,15.3
55.13,6,6.8
55.15,-0.5,12.5
55.15,1,13.5
55.15,2.02,6.5
55.15,2.05,9.6
55.15,2.13,6.7
55.15,4,8.51
55.17,-1.08,2.2
55.17,-0.5,2.6
55.17,0.08,5.9
55.17,2.05,3.35
55.17,2.22,15.5
55.17,6.83,11.5
55.18,-0.5,7.1
55.18,0.5,5
55.18,2.05,1.7
55.2,-0.5,6.1
55.2,0.9,3.8
55.2,2.03,13
55.2,2.05,10.2
55.2,4,8.6
55.2,5.78,8.58
55.22,-0.5,11.8
55.22,2.05,10.7
55.22,4,2.9
55.22,4.42,1.4
55.23,-0.5,3.8
55.23,1.4,2.9
55.23,2.05,5.6
55.23,2.4,3
55.23,2.5,13.6
55.23,3.4,7.8
55.23,4,11
55.25,-0.5,9.8
55.25,0.92,11.6
55.25,1,2.9
55.25,1.12,9
55.25,2.05,13.6
55.25,2.13,1
55.25,3.37,9.4
55.25,3.43,5.2
55.25,4,14.8
55.25,13.08,12.8
55.27,2.05,13.1
55.27,3.37,15.8
55.27,4,9.8
55.27,12.87,14.4
55.27,12.88,14
55.27,12.98,5.6
55.28,-0.5,4.2
55.28,0.88,1.9
55.28,4,6
55.28,12.67,7.5
55.28,12.78,7.6
55.28,13.03,5.2
55.28,13.07,12.1
55.3,-1.08,1.9
55.3,-0.67,15.1
55.3,-0.5,16
55.3,0.83,1
55.3,0.88,5.5
55.3,0.93,3.5
55.3,1,4.6
55.3,2.02,8.833333333
55.3,3.98,16.6
55.3,4,13
55.32,-1.08,3
55.32,-0.5,5.1
55.32,0.87,14.8
55.32,4,6.5
55.32,4.9,6.9
55.32,4.95,1.5
55.33,0.57,4.9
55.33,0.87,11.2
55.33,0.88,14.1
55.33,0.9,12.6
55.33,0.92,11
55.33,2.88,8
55.33,4,6.5
55.33,4.13,10.94354839
55.33,13.05,8.075
55.35,-1.08,12.05
55.35,0.48,7.15
55.35,0.83,15.2
55.35,0.85,9.6
55.35,0.87,10
55.35,0.88,5
55.35,4,6.28
55.35,12.7,5.5
55.3692,0.817,2.4
55.37,-1.08,11.7
55.37,-0.12,6.2
55.37,0.87,3.4
55.37,1.5,6.7
55.37,4,6.4
55.38,0.83,1.1
55.38,0.87,10
55.38,0.88,10.2
55.38,0.92,13.6
55.38,4,7.9
55.38,7,11.7
55.4,-1.08,5.5
55.4,0.85,0.8
55.4,0.87,7.2
55.4,4,3.2
55.4,6.83,5
55.4,7.37,5
55.4,7.42,11.9
55.4,7.78,4
55.4,12.68,1.5
55.42,-1.08,0.8
55.42,-1,12.7
55.42,0.87,15.6
55.42,0.88,3.6
55.43,-1.08,5.6
55.43,-0.35,6.4
55.43,0.85,4.71
55.43,0.87,5.1
55.43,0.88,11.3
55.43,1.02,5
55.43,5.42,7.5
55.45,-1.08,15
55.45,0.85,7.43
55.45,0.87,13.2
55.45,0.88,12.1
55.45,0.9,7.01
55.45,0.92,9.27
55.45,7.12,11.37533333
55.45,12.7,10.2
55.47,-1.08,0.8
55.47,0.87,0.7
55.48,-1.08,14.6
55.48,0.88,9.6
55.48,4.97,17.5
55.5,-1.08,9.195604396
55.5,0.38,14.7
55.5,0.87,11.65
55.5,1.82,11.1
55.5,1.87,11.6
55.5,1.92,9.1
55.52,-1.08,10.36
55.52,-0.32,9.55
55.52,10.88,10.91666667
55.53,-1.08,14.275
55.53,0.95,10.34615385
55.53,3.4,9.342857143
55.55,-1.08,9.991666667
55.57,-1.08,10.52222222
55.57,-0.32,8.445454545
55.57,0.1,6.55
55.57,3.38,10.62
55.57,6.88,6.533333333
55.58,-0.3,5.1
55.58,2.9,12.7
55.58,3.25,14.8
55.58,10.82,10.5
55.6,-0.33,12.95953787
55.6,-0.32,8.1
55.6,1.07,11.45
55.6,4.18,9.971428571
55.62,-1.08,8.014285714
55.62,-0.32,10.33333333
55.62,0.55,2.8
55.62,3.25,13.1
55.62,5,9.6
55.62,12.68,11.35
55.62,12.7,6.666666667
55.63,-1.08,11.175
55.63,-0.32,8.35
55.63,12.7,9.54
55.65,-1.2,10.92857143
55.65,-0.33,10.51111111
55.65,-0.32,9.116666667
55.65,6,8.227272727
55.65,6.8,12.94285714
55.67,-1.55,11.53333333
55.67,-0.7,14.96666667
55.67,-0.32,10.93333333
55.67,3.25,10.4
55.67,3.53,12.6
55.68,0.35,10.53333333
55.68,5,9.263636364
55.7,-1.67,6.5
55.7,-1.65,9.219845957
55.7,-0.33,3
55.7,0.53,14.15
55.7,2.53,16.8
55.7,3.22,10.11907574
55.7,3.47,2.5
55.7,4.28,10.11907574
55.7,5,11.1
55.72,-1.67,8
55.72,-0.87,15.7
55.72,0.18,5.4
55.72,0.53,7.9
55.72,0.7,16.5
55.72,5,15.8
55.73,-1.67,1.2
55.73,0.93,8.6
55.73,1.03,10.11907574
55.73,5,11.2
55.75,-1.67,9.2
55.75,-1.08,8.31
55.75,0.2,7.9
55.75,1.73,7.42
55.75,3.45,7.1
55.75,5,17.3
55.77,-1.67,4.2
55.77,1.67,14
55.77,3.3,2.5
55.77,5,12.5
55.77,10.8,6.53
55.78,-1.67,9.7
55.78,-1.5,9.8
55.78,0.98,14.6
55.78,1.17,7.9
55.78,1.53,4.2
55.78,4,9.4
55.78,5,14.3
55.8,-1.67,16.9
55.8,-1.5,5.5
55.8,-0.88,9
55.8,0.93,0.7
55.8,4.8,6.5
55.8,5,4.3
55.82,-1.67,4.3
55.82,-1.45,4
55.82,5,9.1
55.83,-1.67,2.4
55.83,-1.5,6.9
55.83,-1.47,9.6
55.83,0.42,1.6
55.83,1,10.4
55.83,5,12.7
55.85,-1.67,7.4
55.85,-1.53,13.5
55.85,-1.5,8.3
55.85,-1.48,13
55.87,-1.5,8.2
55.87,-1.47,16.6
55.87,0.43,9.4
55.87,5,8
55.88,-1.5,8.2
55.88,-0.12,5
55.88,0.85,0
55.88,3.25,1.4
55.88,6.88,7.6
55.8858,0.167,14.23
55.9,-1.67,15.9
55.9,-1.5,12.7
55.9,3.3,14
55.92,-2.25,14.1
55.92,-2,4.6
55.92,-1.67,10.11907574
55.92,-1.5,10.8
55.92,0.7,15.1
55.92,4.6,11.3
55.93,-2.25,1
55.93,-2.17,6.8
55.93,-2,6.3
55.95,-2.25,5.3
55.95,3.82,5.8
55.97,-2.25,17
55.97,3.82,13.4
55.97,5.17,6.05
55.98,-2.25,14.2
55.98,3.33,18.6
56,-2.25,1.8
56,-1.5,15.4
56,0,13.1
56,0.1,13.2
56,1.33,11.5
56,3.3,7
56,11.02,13.9
56.03,0.07,8.5
56.03,0.72,6.8
56.05,-2.25,5.1
56.05,0.08,14
56.05,0.53,12.1
56.05,3.22,5.2
56.08,-2.25,15.6
56.08,-2.22,11.7
56.08,0.88,0
56.1,-0.13,7.3
56.1,0,6.9
56.12,7,7
56.12,11.2,3.7
56.13,-2.25,17
56.13,-2.23,2.2
56.13,-1.5,14.3
56.13,0.5,16.1
56.13,3.6,12.55
56.13,6,11.35
56.15,6,14.9
56.1525,0.9838,8
56.1692,3.1673,10.06666667
56.17,-1.58,16.3
56.17,0,10.5
56.17,2.85,10.85
56.17,3.43,13.9
56.17,3.47,9.179768936
56.17,6,11.4625
56.17,11.08,13.25714286
56.18,6,11.605
56.2,-1.5,10.98333333
56.2,-0.33,10.34852742
56.2,6,12.88
56.2,6.07,9.783333333
56.2,6.12,12.32
56.2,11.98,6.65
56.22,-1.53,10.7
56.22,-1.5,9.4
56.22,0.55,14.7
56.22,6,8.05
56.23,-1.5,10.65
56.23,0.45,8.271428571
56.23,3.17,7.466666667
56.23,6,9.166666667
56.23,12.13,11.125
56.2357,7.1435,9.5
56.25,-1.53,6.766666667
56.25,-1.5,10.68888889
56.25,-1.48,8.342857143
56.25,-1.42,8.580952381
56.25,0.5,9.04
56.25,1.37,10.14
56.25,6,13.37
56.25,6.37,8.925
56.27,-1.5,8.022222222
56.27,-1.42,10.475
56.27,6,7.4
56.27,6.05,9.65
56.27,12.28,14.3
56.28,-1.5,13.4
56.28,2.92,7.3
56.28,4,10.7
56.28,6,9.109537872
56.3,-1.5,10.3
56.3,-1.38,6.6
56.3,-0.2,3.6
56.3,0.6,2.5
56.3,5.28,7.8
56.3,6,15.6
56.32,-1.5,10.6
56.33,-1.5,11.2
56.33,3.33,9.1
56.35,-1.5,6.1
56.35,-0.32,10.11907574
56.35,12.43,9.379768936
56.37,-0.58,13.24190757
56.37,-0.32,11.53333333
56.38,-0.4,12.5375
56.38,-0.33,9.2
56.38,-0.32,9.4
56.4,-0.33,13
56.4,-0.32,7.533333333
56.4,-0.3,11.8
56.4,6,11.25
56.42,-0.33,9.1
56.42,-0.32,13.6
56.42,-0.3,8.4
56.42,11.15,14
56.43,-0.33,10.11907574
56.43,-0.32,6.06
56.45,-0.32,8.86
56.47,-0.32,17.2
56.48,-0.32,17.1
56.48,0.82,12.1
56.48,0.85,5.2
56.5,-0.32,17.5
56.5,-0.3,15.7
56.5,0.83,16.5
56.5,0.85,3.1
56.5,0.92,3.7
56.5,3.2,4.2
56.5,3.28,13.7
56.52,-0.5,5.72
56.52,0.45,7.01
56.52,0.87,3.4
56.53,-1.4,17.9
56.53,0.87,4.8
56.53,0.92,5.8
56.53,3.25,2.3
56.55,0.83,5.2
56.55,0.85,7.2
56.55,0.87,10.11907574
56.57,0.87,7.8
56.57,0.88,5.4
56.58,-0.58,5.3
56.58,0.78,16.15
56.58,0.85,-0.3
56.58,0.87,6.4
56.58,0.88,5.2
56.58,1.02,-0.6
56.58,7,5.24
56.6,-0.4,3.7
56.6,0.87,11.45
56.6,0.88,5.8
56.6,3.2,4.7
56.6,7,8.07
56.62,0.87,3.9
56.62,0.92,12.2
56.62,7,3.9
56.62,12.22,9.2
56.63,-0.37,5.1
56.63,-0.18,7
56.63,-0.17,11.6
56.63,2.9,15
56.63,2.92,15.6
56.63,6.97,11.8
56.63,7,3.7
56.65,0.53,10.11907574
56.65,6.98,14
56.65,7,5.9
56.669,7.4937,5.1
56.67,-0.42,15
56.67,0.87,5.3
56.67,0.88,5.8
56.67,2.05,2.8
56.67,3.55,4.8
56.67,7,5.4
56.68,2.05,5.5
56.68,7,5.7
56.7,-0.6,5.4
56.7,-0.48,5.7
56.7,2.03,10.05635914
56.7,2.05,5.1
56.7,2.07,14
56.72,1.05,11
56.72,2.03,5.4
56.72,2.05,4.8
56.72,2.07,5.7
56.72,2.08,7.233333333
56.72,2.48,15.5
56.72,3.2,17.6
56.72,7,9.5
56.73,2.05,10.11907574
56.73,2.07,2
56.75,2.05,13.6
56.75,2.07,5.05
56.75,3.17,9
56.75,7,8.969845957
56.77,11.98,8.366666667
56.78,-0.68,9
56.8,1.4,11.3
56.8,2.05,12.06666667
56.82,0.12,7.25
56.82,2.9,10
56.82,3.25,8
56.83,-0.83,15.2
56.83,-0.75,9.475
56.83,2.4,4.333333333
56.83,3.25,9.109537872
56.83,3.28,14.5
56.83,3.33,4
56.85,2.05,10.05
56.85,3.25,13.5
56.85,3.27,12.61428571
56.85,3.28,13.53969191
56.85,11.4,9.752384468
56.87,3.23,10.56300583
56.87,3.25,11.85953787
56.87,3.27,5.5
56.87,3.3,5.8
56.88,3.25,10.9
56.88,3.27,6.91
56.88,3.28,2.7
56.88,3.48,6.2
56.9,0,11.9
56.9,0.67,8.05
56.9,3.18,11.10208905
56.9,3.25,13.55
56.9023,7.9107,6.5
56.92,3.18,13.8
56.92,3.25,11.5
56.93,0.38,9.9
56.93,2.93,16.1
56.93,3.25,10.2
56.95,0.3,10.93969191
56.95,3.25,14.8
56.95,3.27,12.3
56.95,11.77,12.3
56.97,-0.83,5
56.97,3.15,6.1
56.97,4.42,3.1
56.97,8,8.45
56.98,4.42,10.3
57,-0.67,2.9
57,0.33,7.23
57,4.42,12.53333333
57,8,15.2
57.02,4.42,14.1
57.02,8,14.4
57.03,-1.5,2.5
57.03,4.42,6.1
57.03,4.43,6.8
57.03,4.47,9
57.03,8,10.1
57.05,-0.95,10.11907574
57.05,-0.15,6.6
57.05,3.13,7
57.05,3.25,4.7
57.05,3.27,6
57.05,4.4,7.9
57.05,4.42,6.4
57.05,8,15.3
57.07,-0.93,6.4
57.07,-0.17,13.1
57.07,4.42,14.6
57.07,8,7.4
57.08,-0.4,5.8
57.08,5.6,2.2
57.08,8,9.5
57.1,8,10
57.12,-0.08,7.68
57.12,4.42,13
57.12,5.77,13.8
57.12,8,14.9
57.12,10.78,3.61
57.13,0.93,14.4
57.13,4.42,6
57.13,5.58,13.5
57.13,5.62,10.7
57.13,5.63,14.2
57.13,5.67,4.7
57.15,0.95,6.4
57.15,3.25,2.6
57.15,5.58,3.1
57.15,5.6,11.2
57.15,5.62,6.2
57.15,5.67,12.8
57.17,-0.83,12
57.17,5.58,3.6
57.17,5.6,3.1
57.17,5.62,3.6
57.17,5.63,5.58
57.17,5.72,2.8
57.17,8,2.4
57.18,2.55,2.8
57.18,3.18,2.9
57.18,3.28,13.7
57.18,5.6,13.1
57.2,-0.92,8.3
57.2,0.28,13.33666667
57.2,5.58,2.6
57.2,5.6,14.5
57.2,6.78,14.7
57.2,7,4.48
57.2,7.92,10.35
57.22,5.6,13.7
57.22,6.78,10.11907574
57.23,-1.52,14.1
57.23,8.22,2.8
57.25,2.43,10.11907574
57.25,3.45,11.3
57.25,4.42,12.225
57.25,5.67,6.9
57.25,6.8,12.86825631
57.27,-1.42,10.08333333
57.27,-1.33,9.1
57.27,-1.18,9.275
57.27,2.83,11.6
57.27,5.6,7.95
57.27,6.78,13.25
57.27,8.73,16.2
57.28,6.78,8.2
57.28,6.8,15.3
57.3,6.77,9.5
57.3,6.78,8.04
57.3,6.8,15.5
57.3,6.82,10.39401178
57.3,6.83,13
57.3,7.63,14.1
57.32,-1.47,10.11907574
57.32,2.28,2
57.32,3.33,13.8
57.32,6.7,12.4
57.32,6.75,12.5
57.32,6.78,14.9
57.32,6.83,8.4
57.33,5.6,14.2
57.33,6.75,6
57.33,6.78,13.5
57.33,8,13.48571429
57.35,-1.33,10.87248716
57.35,3.12,8.65
57.35,3.17,13.5
57.35,6.78,14.9
57.37,6.78,8.2
57.38,6.78,4.3
57.38,8,5.6
57.38,9.1,3.5
57.4,-0.53,7.3
57.4,3.2,5.5
57.42,-1.32,7.5
57.42,8,13.3
57.43,8,6.5
57.43,10.75,13.6
57.45,-0.22,15
57.45,0.07,14.94
57.45,3.03,11
57.45,8,7.9
57.45,8.02,8.18
57.47,2.42,14.9
57.47,2.63,8
57.47,3.65,10.11907574
57.47,4.3,13.4
57.47,8,10.11907574
57.48,8,15.05
57.48,8.03,10.11907574
57.48,8.48,8.209537872
57.5,-1.53,10.11907574
57.5,-0.42,12.37976894
57.5,3.1,10.11907574
57.5,5.52,11.33333333
57.5,8,8.65
57.5,11.38,8.785714286
57.52,4.07,9.9
57.52,8,8.6
57.52,8.33,13.2
57.53,8,11.45
57.53,11.32,6.6
57.55,-1.63,5
57.55,-1.53,10.74
57.55,11.33,11.8
57.57,-1.58,7.5
57.58,-1.67,15.6
57.58,-1.18,15.6
57.58,9.38,9.4
57.6,-0.62,6.3
57.6,0.82,14.1
57.6,3.17,13.06488447
57.6,5.23,13.2
57.6,5.83,9.577777778
57.6,8,10.5
57.6,9.47,10.9
57.62,1.52,4.7
57.62,8.6,16.3
57.62,9.62,15.2
57.63,-1.63,10.10635858
57.65,-0.48,11.925
57.68,2.85,6.2
57.7,-1.73,10.28
57.7,1.63,14.3
57.7,11,14.3
57.72,-0.67,10.3
57.72,11.28,1.9
57.73,-1.7,8.57
57.73,2.78,10.11907574
57.73,3,14.4
57.75,-0.4,8.95
57.75,3.3,6.5
57.75,6,7.69
57.77,3.3,1.8
57.77,6.85,15.28
57.77,8.77,6.8
57.78,11.27,5.72
57.8,1,8
57.8,3.3,7.95
57.8,3.5,14
57.8,9,4.2
57.83,8,7.3
57.83,10,14.2
57.85,-1.92,14.3
57.85,-1.75,10.11907574
57.85,8.82,12.6
57.88,-2.03,15.35
57.88,-1.27,15.4
57.88,11.28,14.2
57.9,3.77,3
57.9,7,7.1
57.92,-2,4.6
57.93,-1,13.8
57.97,-2.17,9.345582249
57.97,-1.65,13.78888889
57.97,2.93,10.97687878
57.97,10.97,10.7125
57.98,3.57,7.866666667
57.98,3.88,11.675
57.98,4.52,14.73333333
57.98,4.85,11.4
57.98,5.97,3
58,-2.13,16.5
58,-2.1,6.4
58,-1,15.1
58,5.97,9.3
58,6,12.8
58.02,10.95,14.5
58.03,5.13,2
58.05,1.4,1.8
58.07,-1.08,16.3
58.07,1.43,10.11907574
58.07,6,2
58.08,2.32,6
58.08,2.85,15.6
58.08,6,13.5
58.12,-2.35,10.96666667
58.12,-2.25,10.57321429
58.13,-2.42,10.46
58.13,2.93,15.3
58.15,-2.28,12.5
58.15,5.83,9.4
58.17,3,2
58.17,3.83,6
58.17,4.5,10.11907574
58.17,5,15.99
58.17,10.52,10.8
58.18,2.95,1.9
58.18,10.83,15.6
58.2,-1.82,13.3
58.2,-1.8,12.5
58.2,3,15.2
58.22,-2.43,15.92
58.22,3.13,7.23
58.23,-2.45,6.7
58.23,-2.25,15.5
58.23,8.88,15.49
58.23,10.47,13.5
58.25,-2.42,8.8
58.25,4,15.3
58.27,5,5.1
58.27,9.25,15.3
58.3,4,15.3
58.3,5.43,6.9
58.32,-1.13,8
58.32,9.17,8.2
58.33,-2.5,4.3
58.33,2.83,5
58.33,3,15.2
58.33,3.13,15.3
58.33,9.15,2.4
58.35,-1.57,5
58.35,3.27,12
58.35,4.32,8.083333333
58.37,-2.6,7.433333333
58.37,-1,13.15
58.37,3.23,10.5
58.38,-2.62,15.35
58.38,-1.58,6.15
58.4,-0.3,6.7
58.42,-2.83,7.8
58.42,5.53,11.05
58.43,4,9.075
58.45,-1.15,11.4
58.47,-1.32,8.8
58.47,2.93,10.96381515
58.47,4.53,9.95
58.48,2.37,7.973025248
58.48,4.12,10.9
58.5,-1.92,7.5
58.5,3.5,14.5
58.5,4.57,10.53969191
58.52,-1.97,13.17302525
58.52,-1.38,11.29670979
58.52,3.4,13.2852865
58.52,4.8,11.24
58.52,10.93,10.75767508
58.55,-1.55,6.55
58.55,10.53,11.7
58.57,-2.45,16
58.57,2.83,16
58.58,-1.17,17.4
58.62,-1.97,14.4
58.63,-2.98,15.9
58.63,-1.83,10.11907574
58.63,0.47,7.85
58.63,2.2,6.8
58.63,2.97,15.2
58.63,4.9,12.925
58.67,-1.68,2.7
58.67,2,4.92
58.67,3,15.14
58.68,-3,10.6
58.7,-1.48,15
58.72,-3.57,15.7
58.72,-3.37,6.8
58.72,-3.08,7
58.73,-3.23,4.7
58.73,3.17,7.4
58.75,2,12.2
58.8,1.07,9.9
58.8,2,10.1
58.8,2.88,8.9
58.8,3.2,4.6
58.82,-0.33,10.11907574
58.83,2,14.5
58.83,2.83,15.5
58.83,3.48,16
58.88,-1.87,14.7
58.92,1,14.5
58.93,1,15.3
58.93,2.83,15.1
58.93,3,13.5
58.97,-1.58,1
58.98,-1.9,9.1
58.98,3.92,7.679768936
59,1,12.00635858
59,4.33,8.871428571
59.02,0,10.25555556
59.03,-1.67,9.475
59.05,0.33,6.242857143
59.05,2.92,3.4
59.05,3,6
59.07,2.13,16
59.07,2.7,8.8
59.07,3.07,13
59.08,-2.1,4.4
59.08,-1.92,16.3
59.17,-0.48,11.8
59.17,0.32,14
59.22,2.55,11
59.23,4.55,4.95
59.25,-2.12,12.2
59.25,-1,16.3
59.25,0,3
59.27,3,15.8
59.28,-2.13,15.69
59.3,2.92,5.12
59.32,3.6,4.5
59.33,3.03,16.22
59.33,3.33,16
59.35,3.67,12.3
59.35,3.8,2.7
59.35,4.3,15
59.35,4.52,15.4
59.37,-2.18,8.8
59.38,3.08,7.2
59.4,2.72,8.47
59.42,-2.67,15.5
59.42,-2.22,16.1
59.43,-2.25,8.25
59.45,-2.92,3.45
59.45,-2.62,17.3
59.45,-2.28,15.5
59.47,-2.8,3
59.47,-2.47,11.35
59.47,2.87,10.93256574
59.48,2.17,12.3
59.48,3.13,11.7
59.5,3.03,8.2
59.5,3.5,9.65
59.52,3.97,4.45
59.53,-3.32,11.66666667
59.57,3.9,10.11907574
59.57,4.08,12.9
59.6,3.15,12.13
59.65,0.18,6.56
59.65,2.5,16.6
59.67,2.83,9.8
59.75,3.15,3.37
59.8,2.4,16.2
59.83,2.07,16
59.83,2.22,7.7
59.85,3,13.33333333
59.87,3.17,15.9
59.87,3.25,13
59.9,2.78,10.70441021
59.97,2.8,7.35
60.07,0.37,14.3
60.08,-0.15,13.9
60.13,-0.2,3.8
60.17,-2,9
60.2,2.67,15.5
60.2,3.07,14.14
60.23,2.6,3.24
60.23,2.75,4.9
60.23,2.87,10.2
60.27,3.17,10.11907574
60.3,3.07,8.329768936
60.32,3.88,9.78
60.37,2.92,9.847368421
60.43,3.27,11.5375
60.47,2.73,5.966666667
60.5,2.72,12.3
60.53,3.1,9.5
60.55,2.75,10
60.57,2.83,7
60.6,2.9,11.1
60.65,3.7,12.31984596
60.67,2.5,12.91488447
60.68,3.12,9.959867963
60.75,2.5,10.57142857
60.75,2.75,8.345454545
60.77,3.63,13.65
60.8,2.72,11.6
60.82,2.52,10.6
60.83,2.67,14.1
60.85,4.43,11.5
60.88,2.78,9.5
60.9,2.67,16.2
60.9,2.93,7.2
60.92,-0.78,10.9
60.92,2.5,15.7
60.97,3.52,8.85
60.98,2.98,9.48
61,2.6,13.6
61.03,2.63,8
61.08,2.58,12.79
61.08,2.6,13.17
61.08,2.82,14.5
61.1,2.6,12.36
61.1,3.05,12.69
61.17,2.43,15.08
61.17,2.87,13
61.25,2.63,14.17
61.27,3.2,15.02
61.3,3.23,12.91
61.32,2.77,14.94
61.33,2.7,15.37
61.37,2.27,15.51
61.37,3.52,15.5
61.4,2.67,11.8
61.45,3.1,13.7
61.5,3,13.07
61.5,3.68,14.69
61.52,2.58,14.69
61.53,2.4,14.84
61.57,2.67,13.32
61.57,2.7,15.7
61.6,2.7,15.9
61.63,2.35,12.4
61.63,2.5,12.5
61.63,2.57,13.8
61.63,2.78,12.54
61.67,3.38,14.65
61.7,2.7,13.77
61.73,2.55,13.89
61.75,3.42,10
61.8,2.67,12.58
61.8,3.38,12.58
61.8,4.6,12.61
61.82,2.6,16
61.83,2.5,15.8
61.85,3.17,12.4
61.87,2.33,11.63
61.87,4.53,11.41
61.92,2.78,11.6
61.95,2.68,16
62.07,2.42,12.26
62.08,2.3,4.2
62.12,2.67,16.6
62.17,2.38,16.2
62.17,2.5,11.89
62.2,2.78,12.33
62.22,3.1,12.04
62.23,2.13,12.1
62.25,2.17,15.4
62.25,4.5,15.7
62.28,2.63,1.5
62.3,2,4.3
62.3,2.5,10.11907574
62.3,3,13.2
62.37,3.2,1.6
62.37,4.33,1.6
62.47,2.53,10.13900361
62.47,5.17,0.9
62.5,2.67,10.4
62.52,2.42,20
62.53,2.33,13.1
62.53,5.47,14.7
62.55,5.17,12.2
62.57,2.53,14.2
62.58,2.73,14.4
62.6,2.17,2.8
